Entity,Code,Year,NumberTerroristIncidents
Afghanistan,AFG,1973,1
Afghanistan,AFG,1979,3
Afghanistan,AFG,1987,1
Afghanistan,AFG,1988,11
Afghanistan,AFG,1989,10
Afghanistan,AFG,1990,2
Afghanistan,AFG,1991,30
Afghanistan,AFG,1992,36
Afghanistan,AFG,1994,9
Afghanistan,AFG,1995,6
Afghanistan,AFG,1996,4
Afghanistan,AFG,1997,1
Afghanistan,AFG,1998,1
Afghanistan,AFG,1999,9
Afghanistan,AFG,2000,14
Afghanistan,AFG,2001,14
Afghanistan,AFG,2002,38
Afghanistan,AFG,2003,100
Afghanistan,AFG,2004,88
Afghanistan,AFG,2005,155
Afghanistan,AFG,2006,282
Afghanistan,AFG,2007,341
Afghanistan,AFG,2008,414
Afghanistan,AFG,2009,503
Afghanistan,AFG,2010,542
Afghanistan,AFG,2011,421
Afghanistan,AFG,2012,1469
Afghanistan,AFG,2013,1443
Afghanistan,AFG,2014,1824
Afghanistan,AFG,2015,1928
Afghanistan,AFG,2016,1617
Afghanistan,AFG,2017,1414
Albania,ALB,1981,1
Albania,ALB,1990,1
Albania,ALB,1991,1
Albania,ALB,1992,3
Albania,ALB,1994,2
Albania,ALB,1996,6
Albania,ALB,1997,41
Albania,ALB,1998,7
Albania,ALB,1999,3
Albania,ALB,2000,2
Albania,ALB,2001,1
Albania,ALB,2003,1
Albania,ALB,2009,1
Albania,ALB,2013,1
Albania,ALB,2014,2
Albania,ALB,2015,4
Albania,ALB,2016,2
Albania,ALB,2017,1
Algeria,DZA,1972,1
Algeria,DZA,1976,1
Algeria,DZA,1978,1
Algeria,DZA,1979,1
Algeria,DZA,1990,2
Algeria,DZA,1991,30
Algeria,DZA,1992,215
Algeria,DZA,1994,227
Algeria,DZA,1995,185
Algeria,DZA,1996,129
Algeria,DZA,1997,344
Algeria,DZA,1998,151
Algeria,DZA,1999,106
Algeria,DZA,2000,138
Algeria,DZA,2001,113
Algeria,DZA,2002,132
Algeria,DZA,2003,75
Algeria,DZA,2004,67
Algeria,DZA,2005,104
Algeria,DZA,2006,152
Algeria,DZA,2007,124
Algeria,DZA,2008,107
Algeria,DZA,2009,108
Algeria,DZA,2010,100
Algeria,DZA,2011,15
Algeria,DZA,2012,41
Algeria,DZA,2013,22
Algeria,DZA,2014,13
Algeria,DZA,2015,16
Algeria,DZA,2016,9
Algeria,DZA,2017,14
Andorra,AND,1974,1
Angola,AGO,1977,1
Angola,AGO,1978,2
Angola,AGO,1979,3
Angola,AGO,1981,1
Angola,AGO,1982,2
Angola,AGO,1983,7
Angola,AGO,1984,11
Angola,AGO,1985,6
Angola,AGO,1986,5
Angola,AGO,1987,3
Angola,AGO,1988,12
Angola,AGO,1989,12
Angola,AGO,1990,205
Angola,AGO,1991,16
Angola,AGO,1992,50
Angola,AGO,1994,9
Angola,AGO,1995,10
Angola,AGO,1996,4
Angola,AGO,1997,7
Angola,AGO,1998,20
Angola,AGO,1999,34
Angola,AGO,2000,22
Angola,AGO,2001,40
Angola,AGO,2002,6
Angola,AGO,2009,1
Angola,AGO,2010,2
Angola,AGO,2016,2
Angola,AGO,2017,6
Antigua and Barbuda,ATG,1992,1
Argentina,ARG,1970,21
Argentina,ARG,1971,7
Argentina,ARG,1972,20
Argentina,ARG,1973,60
Argentina,ARG,1974,71
Argentina,ARG,1975,38
Argentina,ARG,1976,54
Argentina,ARG,1977,17
Argentina,ARG,1978,25
Argentina,ARG,1979,16
Argentina,ARG,1980,6
Argentina,ARG,1981,2
Argentina,ARG,1982,9
Argentina,ARG,1983,18
Argentina,ARG,1984,46
Argentina,ARG,1985,43
Argentina,ARG,1986,33
Argentina,ARG,1987,80
Argentina,ARG,1988,33
Argentina,ARG,1989,32
Argentina,ARG,1990,31
Argentina,ARG,1991,27
Argentina,ARG,1992,41
Argentina,ARG,1994,14
Argentina,ARG,1995,16
Argentina,ARG,1996,19
Argentina,ARG,1997,11
Argentina,ARG,1999,1
Argentina,ARG,2001,2
Argentina,ARG,2003,1
Argentina,ARG,2005,3
Argentina,ARG,2009,1
Argentina,ARG,2010,5
Argentina,ARG,2011,1
Argentina,ARG,2012,2
Argentina,ARG,2013,2
Argentina,ARG,2014,1
Argentina,ARG,2015,1
Argentina,ARG,2016,2
Argentina,ARG,2017,3
Armenia,ARM,1991,1
Armenia,ARM,1992,2
Armenia,ARM,1994,4
Armenia,ARM,1995,1
Armenia,ARM,1996,1
Armenia,ARM,1998,2
Armenia,ARM,1999,2
Armenia,ARM,2000,2
Armenia,ARM,2001,2
Armenia,ARM,2007,1
Armenia,ARM,2009,1
Armenia,ARM,2013,1
Armenia,ARM,2015,2
Armenia,ARM,2016,2
Australasia & Oceania,,1970,1
Australasia & Oceania,,1971,1
Australasia & Oceania,,1972,8
Australasia & Oceania,,1973,1
Australasia & Oceania,,1974,1
Australasia & Oceania,,1975,0
Australasia & Oceania,,1976,0
Australasia & Oceania,,1977,0
Australasia & Oceania,,1978,2
Australasia & Oceania,,1979,2
Australasia & Oceania,,1980,7
Australasia & Oceania,,1981,3
Australasia & Oceania,,1982,2
Australasia & Oceania,,1983,0
Australasia & Oceania,,1984,11
Australasia & Oceania,,1985,7
Australasia & Oceania,,1986,4
Australasia & Oceania,,1987,3
Australasia & Oceania,,1988,12
Australasia & Oceania,,1989,29
Australasia & Oceania,,1990,18
Australasia & Oceania,,1991,10
Australasia & Oceania,,1992,17
Australasia & Oceania,,1994,14
Australasia & Oceania,,1995,18
Australasia & Oceania,,1996,19
Australasia & Oceania,,1997,7
Australasia & Oceania,,1998,6
Australasia & Oceania,,1999,4
Australasia & Oceania,,2000,6
Australasia & Oceania,,2001,4
Australasia & Oceania,,2002,2
Australasia & Oceania,,2003,4
Australasia & Oceania,,2004,0
Australasia & Oceania,,2005,0
Australasia & Oceania,,2006,2
Australasia & Oceania,,2007,1
Australasia & Oceania,,2008,8
Australasia & Oceania,,2009,1
Australasia & Oceania,,2010,1
Australasia & Oceania,,2011,0
Australasia & Oceania,,2012,0
Australasia & Oceania,,2013,1
Australasia & Oceania,,2014,9
Australasia & Oceania,,2015,14
Australasia & Oceania,,2016,10
Australasia & Oceania,,2017,12
Australia,AUS,1970,1
Australia,AUS,1971,1
Australia,AUS,1972,8
Australia,AUS,1974,1
Australia,AUS,1978,2
Australia,AUS,1979,2
Australia,AUS,1980,6
Australia,AUS,1981,1
Australia,AUS,1982,2
Australia,AUS,1986,2
Australia,AUS,1988,3
Australia,AUS,1989,2
Australia,AUS,1991,4
Australia,AUS,1992,4
Australia,AUS,1994,9
Australia,AUS,1995,5
Australia,AUS,1996,5
Australia,AUS,1997,4
Australia,AUS,1998,6
Australia,AUS,2000,1
Australia,AUS,2001,2
Australia,AUS,2006,2
Australia,AUS,2008,3
Australia,AUS,2009,1
Australia,AUS,2010,1
Australia,AUS,2013,1
Australia,AUS,2014,8
Australia,AUS,2015,14
Australia,AUS,2016,9
Australia,AUS,2017,4
Austria,AUT,1972,7
Austria,AUT,1973,2
Austria,AUT,1974,1
Austria,AUT,1975,2
Austria,AUT,1976,4
Austria,AUT,1977,5
Austria,AUT,1978,1
Austria,AUT,1979,5
Austria,AUT,1980,2
Austria,AUT,1981,3
Austria,AUT,1982,11
Austria,AUT,1984,4
Austria,AUT,1985,4
Austria,AUT,1986,4
Austria,AUT,1987,4
Austria,AUT,1988,1
Austria,AUT,1989,2
Austria,AUT,1990,1
Austria,AUT,1991,3
Austria,AUT,1992,8
Austria,AUT,1994,5
Austria,AUT,1995,12
Austria,AUT,1996,4
Austria,AUT,1997,1
Austria,AUT,1998,1
Austria,AUT,2006,1
Austria,AUT,2007,1
Austria,AUT,2008,7
Austria,AUT,2009,3
Austria,AUT,2011,1
Austria,AUT,2013,1
Austria,AUT,2016,3
Austria,AUT,2017,1
Azerbaijan,AZE,1991,3
Azerbaijan,AZE,1992,12
Azerbaijan,AZE,1994,11
Azerbaijan,AZE,1995,2
Azerbaijan,AZE,1996,2
Azerbaijan,AZE,1997,1
Azerbaijan,AZE,2000,1
Azerbaijan,AZE,2001,4
Azerbaijan,AZE,2002,1
Azerbaijan,AZE,2007,1
Azerbaijan,AZE,2008,2
Azerbaijan,AZE,2009,2
Azerbaijan,AZE,2014,3
Azerbaijan,AZE,2016,2
Azerbaijan,AZE,2017,2
Bahamas,BHS,1976,1
Bahamas,BHS,1981,1
Bahamas,BHS,1997,2
Bahamas,BHS,2013,1
Bahrain,BHR,1979,1
Bahrain,BHR,1980,1
Bahrain,BHR,1991,1
Bahrain,BHR,1994,1
Bahrain,BHR,1995,8
Bahrain,BHR,1996,16
Bahrain,BHR,1997,11
Bahrain,BHR,2003,1
Bahrain,BHR,2006,1
Bahrain,BHR,2008,1
Bahrain,BHR,2010,2
Bahrain,BHR,2011,1
Bahrain,BHR,2012,26
Bahrain,BHR,2013,52
Bahrain,BHR,2014,42
Bahrain,BHR,2015,18
Bahrain,BHR,2016,3
Bahrain,BHR,2017,21
Bangladesh,BGD,1977,1
Bangladesh,BGD,1979,1
Bangladesh,BGD,1980,1
Bangladesh,BGD,1981,1
Bangladesh,BGD,1982,1
Bangladesh,BGD,1984,1
Bangladesh,BGD,1985,1
Bangladesh,BGD,1986,11
Bangladesh,BGD,1987,6
Bangladesh,BGD,1988,36
Bangladesh,BGD,1989,36
Bangladesh,BGD,1990,22
Bangladesh,BGD,1991,42
Bangladesh,BGD,1992,76
Bangladesh,BGD,1994,68
Bangladesh,BGD,1995,74
Bangladesh,BGD,1996,161
Bangladesh,BGD,1997,17
Bangladesh,BGD,1998,2
Bangladesh,BGD,1999,11
Bangladesh,BGD,2000,23
Bangladesh,BGD,2001,15
Bangladesh,BGD,2002,5
Bangladesh,BGD,2003,4
Bangladesh,BGD,2004,11
Bangladesh,BGD,2005,23
Bangladesh,BGD,2006,23
Bangladesh,BGD,2007,9
Bangladesh,BGD,2008,19
Bangladesh,BGD,2009,27
Bangladesh,BGD,2010,22
Bangladesh,BGD,2011,13
Bangladesh,BGD,2012,18
Bangladesh,BGD,2013,139
Bangladesh,BGD,2014,130
Bangladesh,BGD,2015,469
Bangladesh,BGD,2016,88
Bangladesh,BGD,2017,41
Barbados,BRB,1976,2
Barbados,BRB,1992,1
Belarus,BLR,1994,1
Belarus,BLR,1997,2
Belarus,BLR,1999,1
Belarus,BLR,2001,1
Belarus,BLR,2006,1
Belarus,BLR,2008,1
Belarus,BLR,2010,2
Belarus,BLR,2011,1
Belarus,BLR,2012,3
Belgium,BEL,1970,1
Belgium,BEL,1972,4
Belgium,BEL,1973,1
Belgium,BEL,1974,5
Belgium,BEL,1976,1
Belgium,BEL,1977,1
Belgium,BEL,1978,8
Belgium,BEL,1979,8
Belgium,BEL,1980,8
Belgium,BEL,1981,6
Belgium,BEL,1982,1
Belgium,BEL,1983,8
Belgium,BEL,1984,10
Belgium,BEL,1985,21
Belgium,BEL,1986,3
Belgium,BEL,1987,1
Belgium,BEL,1988,5
Belgium,BEL,1989,7
Belgium,BEL,1990,2
Belgium,BEL,1991,6
Belgium,BEL,1992,9
Belgium,BEL,1994,5
Belgium,BEL,1995,1
Belgium,BEL,1997,2
Belgium,BEL,1998,3
Belgium,BEL,1999,2
Belgium,BEL,2002,3
Belgium,BEL,2003,8
Belgium,BEL,2007,1
Belgium,BEL,2009,1
Belgium,BEL,2012,1
Belgium,BEL,2014,2
Belgium,BEL,2016,6
Belgium,BEL,2017,3
Belize,BLZ,1980,1
Belize,BLZ,1991,3
Belize,BLZ,1992,2
Belize,BLZ,2000,1
Belize,BLZ,2013,1
Benin,BEN,1992,1
Benin,BEN,1994,3
Benin,BEN,1995,1
Benin,BEN,1996,2
Benin,BEN,2007,1
Bhutan,BTN,2006,1
Bhutan,BTN,2008,3
Bhutan,BTN,2011,1
Bhutan,BTN,2014,1
Bolivia,BOL,1970,1
Bolivia,BOL,1971,2
Bolivia,BOL,1974,1
Bolivia,BOL,1976,1
Bolivia,BOL,1977,1
Bolivia,BOL,1978,3
Bolivia,BOL,1979,14
Bolivia,BOL,1980,35
Bolivia,BOL,1981,5
Bolivia,BOL,1982,27
Bolivia,BOL,1983,27
Bolivia,BOL,1984,14
Bolivia,BOL,1985,13
Bolivia,BOL,1986,4
Bolivia,BOL,1987,14
Bolivia,BOL,1988,11
Bolivia,BOL,1989,40
Bolivia,BOL,1990,11
Bolivia,BOL,1991,28
Bolivia,BOL,1992,38
Bolivia,BOL,1994,8
Bolivia,BOL,1995,2
Bolivia,BOL,1996,1
Bolivia,BOL,1997,4
Bolivia,BOL,2003,1
Bolivia,BOL,2005,1
Bolivia,BOL,2007,3
Bolivia,BOL,2009,3
Bolivia,BOL,2012,1
Bosnia-Herzegovina,,1992,22
Bosnia-Herzegovina,,1994,9
Bosnia-Herzegovina,,1995,6
Bosnia-Herzegovina,,1996,33
Bosnia-Herzegovina,,1997,42
Bosnia-Herzegovina,,1998,9
Bosnia-Herzegovina,,1999,5
Bosnia-Herzegovina,,2000,6
Bosnia-Herzegovina,,2001,2
Bosnia-Herzegovina,,2002,3
Bosnia-Herzegovina,,2003,1
Bosnia-Herzegovina,,2005,1
Bosnia-Herzegovina,,2006,1
Bosnia-Herzegovina,,2007,2
Bosnia-Herzegovina,,2008,4
Bosnia-Herzegovina,,2009,1
Bosnia-Herzegovina,,2010,1
Bosnia-Herzegovina,,2011,1
Bosnia-Herzegovina,,2013,1
Bosnia-Herzegovina,,2014,3
Bosnia-Herzegovina,,2015,6
Botswana,BWA,1974,1
Botswana,BWA,1985,1
Botswana,BWA,1987,1
Botswana,BWA,1988,3
Botswana,BWA,1989,2
Botswana,BWA,1990,1
Botswana,BWA,1995,1
Brazil,BRA,1970,6
Brazil,BRA,1971,3
Brazil,BRA,1972,3
Brazil,BRA,1973,2
Brazil,BRA,1976,5
Brazil,BRA,1977,1
Brazil,BRA,1978,5
Brazil,BRA,1979,6
Brazil,BRA,1980,19
Brazil,BRA,1981,11
Brazil,BRA,1982,4
Brazil,BRA,1983,8
Brazil,BRA,1984,5
Brazil,BRA,1985,1
Brazil,BRA,1986,3
Brazil,BRA,1987,1
Brazil,BRA,1988,2
Brazil,BRA,1989,5
Brazil,BRA,1990,7
Brazil,BRA,1991,24
Brazil,BRA,1992,24
Brazil,BRA,1994,19
Brazil,BRA,1995,23
Brazil,BRA,1996,18
Brazil,BRA,1997,39
Brazil,BRA,1998,2
Brazil,BRA,1999,1
Brazil,BRA,2000,2
Brazil,BRA,2001,3
Brazil,BRA,2002,1
Brazil,BRA,2003,1
Brazil,BRA,2006,3
Brazil,BRA,2012,1
Brazil,BRA,2013,3
Brazil,BRA,2014,3
Brazil,BRA,2015,5
Brazil,BRA,2016,2
Brazil,BRA,2017,2
Brunei,BRN,1972,5
Brunei,BRN,1992,1
Bulgaria,BGR,1982,2
Bulgaria,BGR,1984,1
Bulgaria,BGR,1990,5
Bulgaria,BGR,1991,3
Bulgaria,BGR,1992,2
Bulgaria,BGR,1994,2
Bulgaria,BGR,1995,2
Bulgaria,BGR,1996,12
Bulgaria,BGR,1997,3
Bulgaria,BGR,1998,2
Bulgaria,BGR,1999,1
Bulgaria,BGR,2000,2
Bulgaria,BGR,2001,1
Bulgaria,BGR,2002,1
Bulgaria,BGR,2008,2
Bulgaria,BGR,2011,2
Bulgaria,BGR,2012,2
Bulgaria,BGR,2013,3
Bulgaria,BGR,2014,1
Bulgaria,BGR,2015,2
Bulgaria,BGR,2016,1
Burkina Faso,BFA,1984,1
Burkina Faso,BFA,1991,2
Burkina Faso,BFA,2013,1
Burkina Faso,BFA,2015,6
Burkina Faso,BFA,2016,10
Burkina Faso,BFA,2017,32
Burundi,BDI,1991,7
Burundi,BDI,1992,2
Burundi,BDI,1994,16
Burundi,BDI,1995,83
Burundi,BDI,1996,35
Burundi,BDI,1997,79
Burundi,BDI,1998,13
Burundi,BDI,1999,13
Burundi,BDI,2000,17
Burundi,BDI,2001,37
Burundi,BDI,2002,18
Burundi,BDI,2003,18
Burundi,BDI,2004,1
Burundi,BDI,2005,5
Burundi,BDI,2006,5
Burundi,BDI,2007,3
Burundi,BDI,2008,7
Burundi,BDI,2010,29
Burundi,BDI,2011,8
Burundi,BDI,2012,4
Burundi,BDI,2013,2
Burundi,BDI,2014,5
Burundi,BDI,2015,102
Burundi,BDI,2016,83
Burundi,BDI,2017,21
Cambodia,KHM,1971,2
Cambodia,KHM,1972,2
Cambodia,KHM,1978,1
Cambodia,KHM,1989,2
Cambodia,KHM,1990,2
Cambodia,KHM,1991,3
Cambodia,KHM,1992,67
Cambodia,KHM,1994,39
Cambodia,KHM,1995,56
Cambodia,KHM,1996,33
Cambodia,KHM,1997,18
Cambodia,KHM,1998,7
Cambodia,KHM,1999,8
Cambodia,KHM,2000,4
Cambodia,KHM,2001,7
Cambodia,KHM,2002,3
Cambodia,KHM,2003,1
Cambodia,KHM,2008,2
Cambodia,KHM,2013,2
Cameroon,CMR,1991,4
Cameroon,CMR,1992,6
Cameroon,CMR,1994,6
Cameroon,CMR,1995,2
Cameroon,CMR,1998,1
Cameroon,CMR,2007,1
Cameroon,CMR,2008,1
Cameroon,CMR,2009,1
Cameroon,CMR,2010,3
Cameroon,CMR,2011,3
Cameroon,CMR,2013,3
Cameroon,CMR,2014,68
Cameroon,CMR,2015,83
Cameroon,CMR,2016,56
Cameroon,CMR,2017,94
Canada,CAN,1970,2
Canada,CAN,1972,4
Canada,CAN,1974,1
Canada,CAN,1980,3
Canada,CAN,1982,5
Canada,CAN,1983,1
Canada,CAN,1985,3
Canada,CAN,1986,2
Canada,CAN,1989,1
Canada,CAN,1992,3
Canada,CAN,1994,4
Canada,CAN,1995,5
Canada,CAN,1996,1
Canada,CAN,1997,2
Canada,CAN,1998,4
Canada,CAN,1999,2
Canada,CAN,2000,5
Canada,CAN,2004,2
Canada,CAN,2006,2
Canada,CAN,2008,5
Canada,CAN,2009,4
Canada,CAN,2010,2
Canada,CAN,2012,3
Canada,CAN,2013,4
Canada,CAN,2014,3
Canada,CAN,2015,5
Canada,CAN,2016,6
Canada,CAN,2017,12
Central African Republic,CAF,1981,1
Central African Republic,CAF,1986,1
Central African Republic,CAF,1991,4
Central African Republic,CAF,1992,1
Central African Republic,CAF,1994,1
Central African Republic,CAF,1996,1
Central African Republic,CAF,2000,1
Central African Republic,CAF,2001,1
Central African Republic,CAF,2006,1
Central African Republic,CAF,2007,1
Central African Republic,CAF,2008,2
Central African Republic,CAF,2009,5
Central African Republic,CAF,2010,13
Central African Republic,CAF,2011,3
Central African Republic,CAF,2012,4
Central African Republic,CAF,2013,20
Central African Republic,CAF,2014,94
Central African Republic,CAF,2015,48
Central African Republic,CAF,2016,38
Central African Republic,CAF,2017,43
Central America & Caribbean,,1970,7
Central America & Caribbean,,1971,5
Central America & Caribbean,,1972,3
Central America & Caribbean,,1973,6
Central America & Caribbean,,1974,11
Central America & Caribbean,,1975,9
Central America & Caribbean,,1976,45
Central America & Caribbean,,1977,24
Central America & Caribbean,,1978,199
Central America & Caribbean,,1979,609
Central America & Caribbean,,1980,1070
Central America & Caribbean,,1981,1148
Central America & Caribbean,,1982,996
Central America & Caribbean,,1983,858
Central America & Caribbean,,1984,681
Central America & Caribbean,,1985,780
Central America & Caribbean,,1986,393
Central America & Caribbean,,1987,566
Central America & Caribbean,,1988,495
Central America & Caribbean,,1989,503
Central America & Caribbean,,1990,316
Central America & Caribbean,,1991,729
Central America & Caribbean,,1992,212
Central America & Caribbean,,1994,180
Central America & Caribbean,,1995,168
Central America & Caribbean,,1996,116
Central America & Caribbean,,1997,117
Central America & Caribbean,,1998,1
Central America & Caribbean,,1999,8
Central America & Caribbean,,2000,14
Central America & Caribbean,,2001,8
Central America & Caribbean,,2002,3
Central America & Caribbean,,2003,8
Central America & Caribbean,,2004,5
Central America & Caribbean,,2005,3
Central America & Caribbean,,2006,5
Central America & Caribbean,,2007,4
Central America & Caribbean,,2008,0
Central America & Caribbean,,2009,9
Central America & Caribbean,,2010,1
Central America & Caribbean,,2011,1
Central America & Caribbean,,2012,1
Central America & Caribbean,,2013,14
Central America & Caribbean,,2014,5
Central America & Caribbean,,2015,1
Central America & Caribbean,,2016,3
Central America & Caribbean,,2017,4
Central Asia,,1970,0
Central Asia,,1971,0
Central Asia,,1972,0
Central Asia,,1973,0
Central Asia,,1974,0
Central Asia,,1975,0
Central Asia,,1976,0
Central Asia,,1977,0
Central Asia,,1978,0
Central Asia,,1979,0
Central Asia,,1980,0
Central Asia,,1981,0
Central Asia,,1982,0
Central Asia,,1983,0
Central Asia,,1984,0
Central Asia,,1985,0
Central Asia,,1986,0
Central Asia,,1987,0
Central Asia,,1988,0
Central Asia,,1989,0
Central Asia,,1990,0
Central Asia,,1991,7
Central Asia,,1992,77
Central Asia,,1994,65
Central Asia,,1995,55
Central Asia,,1996,33
Central Asia,,1997,49
Central Asia,,1998,25
Central Asia,,1999,24
Central Asia,,2000,21
Central Asia,,2001,18
Central Asia,,2002,6
Central Asia,,2003,7
Central Asia,,2004,8
Central Asia,,2005,11
Central Asia,,2006,6
Central Asia,,2007,4
Central Asia,,2008,36
Central Asia,,2009,31
Central Asia,,2010,9
Central Asia,,2011,9
Central Asia,,2012,12
Central Asia,,2013,7
Central Asia,,2014,9
Central Asia,,2015,10
Central Asia,,2016,17
Central Asia,,2017,7
Chad,TCD,1974,1
Chad,TCD,1984,1
Chad,TCD,1985,1
Chad,TCD,1986,1
Chad,TCD,1991,2
Chad,TCD,1992,4
Chad,TCD,1994,1
Chad,TCD,1995,3
Chad,TCD,1996,1
Chad,TCD,1997,1
Chad,TCD,1998,1
Chad,TCD,1999,1
Chad,TCD,2002,4
Chad,TCD,2006,11
Chad,TCD,2007,7
Chad,TCD,2008,8
Chad,TCD,2009,3
Chad,TCD,2010,1
Chad,TCD,2014,1
Chad,TCD,2015,27
Chad,TCD,2016,5
Chad,TCD,2017,6
Chile,CHL,1973,7
Chile,CHL,1976,2
Chile,CHL,1977,6
Chile,CHL,1978,8
Chile,CHL,1979,49
Chile,CHL,1980,41
Chile,CHL,1981,34
Chile,CHL,1982,21
Chile,CHL,1983,106
Chile,CHL,1984,563
Chile,CHL,1985,232
Chile,CHL,1986,243
Chile,CHL,1987,173
Chile,CHL,1988,185
Chile,CHL,1989,146
Chile,CHL,1990,161
Chile,CHL,1991,127
Chile,CHL,1992,116
Chile,CHL,1994,15
Chile,CHL,1995,17
Chile,CHL,1996,8
Chile,CHL,1997,6
Chile,CHL,1998,1
Chile,CHL,1999,3
Chile,CHL,2000,2
Chile,CHL,2001,3
Chile,CHL,2002,1
Chile,CHL,2003,2
Chile,CHL,2006,1
Chile,CHL,2007,8
Chile,CHL,2008,4
Chile,CHL,2009,8
Chile,CHL,2010,5
Chile,CHL,2011,6
Chile,CHL,2012,2
Chile,CHL,2013,5
Chile,CHL,2014,17
Chile,CHL,2015,1
Chile,CHL,2016,18
Chile,CHL,2017,12
China,CHN,1989,3
China,CHN,1990,1
China,CHN,1991,1
China,CHN,1992,5
China,CHN,1994,13
China,CHN,1995,8
China,CHN,1996,62
China,CHN,1997,18
China,CHN,1998,2
China,CHN,1999,2
China,CHN,2000,4
China,CHN,2001,12
China,CHN,2002,2
China,CHN,2003,3
China,CHN,2004,2
China,CHN,2005,1
China,CHN,2008,20
China,CHN,2009,7
China,CHN,2010,1
China,CHN,2011,4
China,CHN,2012,4
China,CHN,2013,12
China,CHN,2014,37
China,CHN,2015,17
China,CHN,2016,5
China,CHN,2017,6
Colombia,COL,1970,1
Colombia,COL,1972,2
Colombia,COL,1973,6
Colombia,COL,1975,10
Colombia,COL,1976,22
Colombia,COL,1977,80
Colombia,COL,1978,158
Colombia,COL,1979,140
Colombia,COL,1980,141
Colombia,COL,1981,172
Colombia,COL,1982,222
Colombia,COL,1983,234
Colombia,COL,1984,237
Colombia,COL,1985,382
Colombia,COL,1986,307
Colombia,COL,1987,337
Colombia,COL,1988,427
Colombia,COL,1989,492
Colombia,COL,1990,349
Colombia,COL,1991,420
Colombia,COL,1992,523
Colombia,COL,1994,201
Colombia,COL,1995,123
Colombia,COL,1996,409
Colombia,COL,1997,598
Colombia,COL,1998,94
Colombia,COL,1999,116
Colombia,COL,2000,137
Colombia,COL,2001,207
Colombia,COL,2002,150
Colombia,COL,2003,98
Colombia,COL,2004,37
Colombia,COL,2005,42
Colombia,COL,2006,43
Colombia,COL,2007,30
Colombia,COL,2008,133
Colombia,COL,2009,139
Colombia,COL,2010,136
Colombia,COL,2011,94
Colombia,COL,2012,115
Colombia,COL,2013,149
Colombia,COL,2014,231
Colombia,COL,2015,136
Colombia,COL,2016,109
Colombia,COL,2017,117
Comoros,COM,1992,1
Comoros,COM,1994,1
Comoros,COM,1997,3
Congo,COG,1972,1
Congo,COG,1977,2
Congo,COG,1982,1
Congo,COG,1990,1
Congo,COG,1994,8
Congo,COG,1996,1
Congo,COG,1997,2
Congo,COG,1999,3
Congo,COG,2001,1
Congo,COG,2002,3
Congo,COG,2003,1
Congo,COG,2013,1
Congo,COG,2016,15
Costa Rica,CRI,1971,1
Costa Rica,CRI,1976,12
Costa Rica,CRI,1977,5
Costa Rica,CRI,1978,2
Costa Rica,CRI,1979,2
Costa Rica,CRI,1980,3
Costa Rica,CRI,1981,10
Costa Rica,CRI,1982,6
Costa Rica,CRI,1983,3
Costa Rica,CRI,1984,2
Costa Rica,CRI,1985,5
Costa Rica,CRI,1986,1
Costa Rica,CRI,1987,3
Costa Rica,CRI,1988,2
Costa Rica,CRI,1989,1
Costa Rica,CRI,1990,1
Costa Rica,CRI,1991,2
Costa Rica,CRI,1992,2
Costa Rica,CRI,1994,1
Costa Rica,CRI,1996,1
Costa Rica,CRI,1997,1
Costa Rica,CRI,2001,1
Cote d'Ivoire,CIV,1992,3
Cote d'Ivoire,CIV,1994,2
Cote d'Ivoire,CIV,1995,7
Cote d'Ivoire,CIV,1996,2
Cote d'Ivoire,CIV,1997,1
Cote d'Ivoire,CIV,2000,2
Cote d'Ivoire,CIV,2001,1
Cote d'Ivoire,CIV,2002,1
Cote d'Ivoire,CIV,2004,1
Cote d'Ivoire,CIV,2005,1
Cote d'Ivoire,CIV,2006,3
Cote d'Ivoire,CIV,2007,1
Cote d'Ivoire,CIV,2010,7
Cote d'Ivoire,CIV,2011,3
Cote d'Ivoire,CIV,2012,16
Cote d'Ivoire,CIV,2013,4
Cote d'Ivoire,CIV,2014,1
Cote d'Ivoire,CIV,2015,4
Cote d'Ivoire,CIV,2016,1
Cote d'Ivoire,CIV,2017,13
Croatia,HRV,1991,26
Croatia,HRV,1992,4
Croatia,HRV,1994,4
Croatia,HRV,1995,1
Croatia,HRV,1996,3
Croatia,HRV,1997,8
Croatia,HRV,2000,2
Croatia,HRV,2001,3
Croatia,HRV,2005,1
Croatia,HRV,2008,2
Croatia,HRV,2009,1
Croatia,HRV,2013,2
Cuba,CUB,1991,1
Cuba,CUB,1992,4
Cuba,CUB,1994,9
Cuba,CUB,1996,1
Cuba,CUB,1997,14
Cuba,CUB,2007,1
Cyprus,CYP,1973,3
Cyprus,CYP,1975,2
Cyprus,CYP,1977,1
Cyprus,CYP,1978,2
Cyprus,CYP,1979,5
Cyprus,CYP,1980,1
Cyprus,CYP,1981,3
Cyprus,CYP,1982,1
Cyprus,CYP,1983,2
Cyprus,CYP,1984,7
Cyprus,CYP,1985,7
Cyprus,CYP,1986,3
Cyprus,CYP,1987,10
Cyprus,CYP,1988,5
Cyprus,CYP,1989,6
Cyprus,CYP,1990,11
Cyprus,CYP,1991,11
Cyprus,CYP,1992,6
Cyprus,CYP,1994,6
Cyprus,CYP,1995,3
Cyprus,CYP,1996,10
Cyprus,CYP,1998,1
Cyprus,CYP,1999,1
Cyprus,CYP,2000,2
Cyprus,CYP,2001,1
Cyprus,CYP,2004,1
Cyprus,CYP,2007,1
Cyprus,CYP,2012,1
Cyprus,CYP,2013,9
Cyprus,CYP,2014,5
Cyprus,CYP,2015,3
Cyprus,CYP,2016,2
Czech Republic,CZE,1994,1
Czech Republic,CZE,1995,3
Czech Republic,CZE,1996,3
Czech Republic,CZE,1997,4
Czech Republic,CZE,2001,1
Czech Republic,CZE,2003,1
Czech Republic,CZE,2008,2
Czech Republic,CZE,2009,1
Czech Republic,CZE,2011,1
Czech Republic,CZE,2013,1
Czech Republic,CZE,2014,5
Czech Republic,CZE,2015,4
Czech Republic,CZE,2016,2
Czech Republic,CZE,2017,3
Czechoslovakia,OWID_CZS,1972,1
Czechoslovakia,OWID_CZS,1989,4
Czechoslovakia,OWID_CZS,1990,1
Czechoslovakia,OWID_CZS,1991,1
Czechoslovakia,OWID_CZS,1992,3
Democratic Republic of Congo,COD,1997,1
Democratic Republic of Congo,COD,1998,4
Democratic Republic of Congo,COD,1999,3
Democratic Republic of Congo,COD,2000,3
Democratic Republic of Congo,COD,2001,5
Democratic Republic of Congo,COD,2002,7
Democratic Republic of Congo,COD,2003,6
Democratic Republic of Congo,COD,2004,5
Democratic Republic of Congo,COD,2005,5
Democratic Republic of Congo,COD,2006,5
Democratic Republic of Congo,COD,2007,11
Democratic Republic of Congo,COD,2008,20
Democratic Republic of Congo,COD,2009,54
Democratic Republic of Congo,COD,2010,18
Democratic Republic of Congo,COD,2011,16
Democratic Republic of Congo,COD,2012,25
Democratic Republic of Congo,COD,2013,22
Democratic Republic of Congo,COD,2014,110
Democratic Republic of Congo,COD,2015,143
Democratic Republic of Congo,COD,2016,169
Democratic Republic of Congo,COD,2017,143
Denmark,DNK,1978,1
Denmark,DNK,1979,3
Denmark,DNK,1980,1
Denmark,DNK,1981,6
Denmark,DNK,1985,4
Denmark,DNK,1986,2
Denmark,DNK,1987,2
Denmark,DNK,1988,1
Denmark,DNK,1989,1
Denmark,DNK,1991,1
Denmark,DNK,1992,4
Denmark,DNK,1995,6
Denmark,DNK,1999,1
Denmark,DNK,2008,1
Denmark,DNK,2010,1
Denmark,DNK,2013,1
Denmark,DNK,2015,4
Denmark,DNK,2016,1
Djibouti,DJI,1977,1
Djibouti,DJI,1979,1
Djibouti,DJI,1987,1
Djibouti,DJI,1988,2
Djibouti,DJI,1990,1
Djibouti,DJI,1991,1
Djibouti,DJI,1992,6
Djibouti,DJI,1994,2
Djibouti,DJI,1995,2
Djibouti,DJI,1997,1
Djibouti,DJI,2004,1
Djibouti,DJI,2014,1
Djibouti,DJI,2015,1
Djibouti,DJI,2017,1
Dominica,DMA,1981,2
Dominica,DMA,1997,1
Dominican Republic,DOM,1970,2
Dominican Republic,DOM,1971,3
Dominican Republic,DOM,1973,3
Dominican Republic,DOM,1974,2
Dominican Republic,DOM,1978,1
Dominican Republic,DOM,1979,2
Dominican Republic,DOM,1980,1
Dominican Republic,DOM,1982,2
Dominican Republic,DOM,1987,15
Dominican Republic,DOM,1988,2
Dominican Republic,DOM,1989,11
Dominican Republic,DOM,1990,2
Dominican Republic,DOM,1991,8
Dominican Republic,DOM,1992,11
Dominican Republic,DOM,1994,7
Dominican Republic,DOM,1996,3
Dominican Republic,DOM,1997,12
Dominican Republic,DOM,2013,1
Dominican Republic,DOM,2014,1
Dominican Republic,DOM,2017,1
East Asia,,1970,2
East Asia,,1971,1
East Asia,,1972,0
East Asia,,1973,2
East Asia,,1974,4
East Asia,,1975,12
East Asia,,1976,2
East Asia,,1977,4
East Asia,,1978,35
East Asia,,1979,16
East Asia,,1980,1
East Asia,,1981,4
East Asia,,1982,3
East Asia,,1983,13
East Asia,,1984,15
East Asia,,1985,10
East Asia,,1986,12
East Asia,,1987,10
East Asia,,1988,24
East Asia,,1989,18
East Asia,,1990,99
East Asia,,1991,29
East Asia,,1992,74
East Asia,,1994,34
East Asia,,1995,38
East Asia,,1996,89
East Asia,,1997,40
East Asia,,1998,9
East Asia,,1999,4
East Asia,,2000,19
East Asia,,2001,19
East Asia,,2002,4
East Asia,,2003,6
East Asia,,2004,4
East Asia,,2005,2
East Asia,,2006,1
East Asia,,2007,0
East Asia,,2008,25
East Asia,,2009,8
East Asia,,2010,1
East Asia,,2011,4
East Asia,,2012,4
East Asia,,2013,15
East Asia,,2014,43
East Asia,,2015,28
East Asia,,2016,8
East Asia,,2017,7
East Germany (GDR),,1970,12
East Germany (GDR),,1971,4
East Germany (GDR),,1974,1
East Germany (GDR),,1977,1
East Germany (GDR),,1978,1
East Germany (GDR),,1982,1
East Germany (GDR),,1983,1
East Germany (GDR),,1984,1
East Germany (GDR),,1985,4
East Germany (GDR),,1986,3
East Germany (GDR),,1987,1
East Germany (GDR),,1988,4
East Germany (GDR),,1989,1
East Germany (GDR),,1990,3
East Timor,,2000,4
East Timor,,2003,2
East Timor,,2005,1
East Timor,,2007,2
East Timor,,2008,1
Eastern Europe,,1970,12
Eastern Europe,,1971,5
Eastern Europe,,1972,1
Eastern Europe,,1973,1
Eastern Europe,,1974,2
Eastern Europe,,1975,0
Eastern Europe,,1976,0
Eastern Europe,,1977,2
Eastern Europe,,1978,2
Eastern Europe,,1979,1
Eastern Europe,,1980,1
Eastern Europe,,1981,4
Eastern Europe,,1982,3
Eastern Europe,,1983,2
Eastern Europe,,1984,4
Eastern Europe,,1985,5
Eastern Europe,,1986,3
Eastern Europe,,1987,1
Eastern Europe,,1988,4
Eastern Europe,,1989,16
Eastern Europe,,1990,58
Eastern Europe,,1991,84
Eastern Europe,,1992,91
Eastern Europe,,1994,95
Eastern Europe,,1995,68
Eastern Europe,,1996,175
Eastern Europe,,1997,248
Eastern Europe,,1998,105
Eastern Europe,,1999,138
Eastern Europe,,2000,234
Eastern Europe,,2001,252
Eastern Europe,,2002,112
Eastern Europe,,2003,100
Eastern Europe,,2004,46
Eastern Europe,,2005,76
Eastern Europe,,2006,70
Eastern Europe,,2007,62
Eastern Europe,,2008,209
Eastern Europe,,2009,165
Eastern Europe,,2010,261
Eastern Europe,,2011,198
Eastern Europe,,2012,173
Eastern Europe,,2013,165
Eastern Europe,,2014,962
Eastern Europe,,2015,684
Eastern Europe,,2016,134
Eastern Europe,,2017,110
Ecuador,ECU,1973,1
Ecuador,ECU,1974,3
Ecuador,ECU,1976,2
Ecuador,ECU,1977,7
Ecuador,ECU,1978,11
Ecuador,ECU,1979,2
Ecuador,ECU,1980,2
Ecuador,ECU,1981,2
Ecuador,ECU,1982,3
Ecuador,ECU,1983,10
Ecuador,ECU,1984,24
Ecuador,ECU,1985,12
Ecuador,ECU,1986,8
Ecuador,ECU,1987,6
Ecuador,ECU,1988,9
Ecuador,ECU,1989,14
Ecuador,ECU,1990,8
Ecuador,ECU,1991,17
Ecuador,ECU,1992,23
Ecuador,ECU,1994,6
Ecuador,ECU,1995,6
Ecuador,ECU,1996,5
Ecuador,ECU,1997,4
Ecuador,ECU,1998,3
Ecuador,ECU,1999,2
Ecuador,ECU,2000,4
Ecuador,ECU,2001,5
Ecuador,ECU,2002,2
Ecuador,ECU,2003,4
Ecuador,ECU,2004,2
Ecuador,ECU,2008,2
Ecuador,ECU,2009,1
Ecuador,ECU,2011,1
Ecuador,ECU,2012,1
Ecuador,ECU,2013,2
Ecuador,ECU,2015,1
Ecuador,ECU,2016,2
Ecuador,ECU,2017,3
Egypt,EGY,1970,1
Egypt,EGY,1971,1
Egypt,EGY,1972,1
Egypt,EGY,1977,1
Egypt,EGY,1978,2
Egypt,EGY,1979,1
Egypt,EGY,1980,5
Egypt,EGY,1981,9
Egypt,EGY,1982,1
Egypt,EGY,1985,2
Egypt,EGY,1986,4
Egypt,EGY,1987,7
Egypt,EGY,1988,9
Egypt,EGY,1989,7
Egypt,EGY,1990,13
Egypt,EGY,1991,10
Egypt,EGY,1992,79
Egypt,EGY,1994,143
Egypt,EGY,1995,102
Egypt,EGY,1996,51
Egypt,EGY,1997,22
Egypt,EGY,1998,3
Egypt,EGY,1999,1
Egypt,EGY,2004,3
Egypt,EGY,2005,2
Egypt,EGY,2006,5
Egypt,EGY,2008,1
Egypt,EGY,2009,2
Egypt,EGY,2010,2
Egypt,EGY,2011,18
Egypt,EGY,2012,49
Egypt,EGY,2013,321
Egypt,EGY,2014,354
Egypt,EGY,2015,647
Egypt,EGY,2016,376
Egypt,EGY,2017,224
El Salvador,SLV,1972,2
El Salvador,SLV,1973,1
El Salvador,SLV,1974,3
El Salvador,SLV,1975,3
El Salvador,SLV,1976,13
El Salvador,SLV,1977,6
El Salvador,SLV,1978,91
El Salvador,SLV,1979,326
El Salvador,SLV,1980,710
El Salvador,SLV,1981,664
El Salvador,SLV,1982,537
El Salvador,SLV,1983,371
El Salvador,SLV,1984,273
El Salvador,SLV,1985,436
El Salvador,SLV,1986,175
El Salvador,SLV,1987,234
El Salvador,SLV,1988,367
El Salvador,SLV,1989,356
El Salvador,SLV,1990,184
El Salvador,SLV,1991,500
El Salvador,SLV,1992,29
El Salvador,SLV,1994,21
El Salvador,SLV,1995,9
El Salvador,SLV,1996,7
El Salvador,SLV,1997,2
Equatorial Guinea,GNQ,1992,1
Equatorial Guinea,GNQ,2009,1
Eritrea,ERI,1995,2
Eritrea,ERI,1996,1
Eritrea,ERI,2007,2
Eritrea,ERI,2008,2
Eritrea,ERI,2009,1
Eritrea,ERI,2010,1
Eritrea,ERI,2011,1
Estonia,EST,1992,2
Estonia,EST,1994,6
Estonia,EST,1995,2
Estonia,EST,1996,1
Estonia,EST,1999,1
Estonia,EST,2001,1
Estonia,EST,2011,1
Estonia,EST,2015,2
Ethiopia,ETH,1970,3
Ethiopia,ETH,1971,1
Ethiopia,ETH,1973,1
Ethiopia,ETH,1974,4
Ethiopia,ETH,1975,4
Ethiopia,ETH,1976,5
Ethiopia,ETH,1977,4
Ethiopia,ETH,1978,2
Ethiopia,ETH,1979,4
Ethiopia,ETH,1983,3
Ethiopia,ETH,1984,1
Ethiopia,ETH,1985,1
Ethiopia,ETH,1986,1
Ethiopia,ETH,1987,1
Ethiopia,ETH,1988,2
Ethiopia,ETH,1989,1
Ethiopia,ETH,1990,10
Ethiopia,ETH,1991,5
Ethiopia,ETH,1992,13
Ethiopia,ETH,1994,4
Ethiopia,ETH,1995,5
Ethiopia,ETH,1996,7
Ethiopia,ETH,1997,6
Ethiopia,ETH,1999,2
Ethiopia,ETH,2000,1
Ethiopia,ETH,2002,3
Ethiopia,ETH,2003,1
Ethiopia,ETH,2004,2
Ethiopia,ETH,2005,5
Ethiopia,ETH,2006,11
Ethiopia,ETH,2007,5
Ethiopia,ETH,2008,8
Ethiopia,ETH,2009,2
Ethiopia,ETH,2010,2
Ethiopia,ETH,2011,3
Ethiopia,ETH,2012,3
Ethiopia,ETH,2013,5
Ethiopia,ETH,2014,2
Ethiopia,ETH,2015,7
Ethiopia,ETH,2016,13
Ethiopia,ETH,2017,27
Falkland Islands,FLK,1983,1
Fiji,FJI,1987,3
Fiji,FJI,1989,2
Fiji,FJI,1991,3
Fiji,FJI,1992,1
Fiji,FJI,1999,3
Fiji,FJI,2000,4
Fiji,FJI,2001,1
Finland,FIN,1986,1
Finland,FIN,1992,1
Finland,FIN,1994,1
Finland,FIN,1995,1
Finland,FIN,2007,1
Finland,FIN,2008,1
Finland,FIN,2015,9
Finland,FIN,2016,3
Finland,FIN,2017,2
France,FRA,1972,11
France,FRA,1973,14
France,FRA,1974,29
France,FRA,1975,39
France,FRA,1976,58
France,FRA,1977,53
France,FRA,1978,59
France,FRA,1979,212
France,FRA,1980,94
France,FRA,1981,66
France,FRA,1982,62
France,FRA,1983,121
France,FRA,1984,145
France,FRA,1985,106
France,FRA,1986,95
France,FRA,1987,87
France,FRA,1988,54
France,FRA,1989,25
France,FRA,1990,30
France,FRA,1991,137
France,FRA,1992,126
France,FRA,1994,97
France,FRA,1995,71
France,FRA,1996,270
France,FRA,1997,130
France,FRA,1998,12
France,FRA,1999,46
France,FRA,2000,28
France,FRA,2001,21
France,FRA,2002,32
France,FRA,2003,34
France,FRA,2004,11
France,FRA,2005,33
France,FRA,2006,34
France,FRA,2007,16
France,FRA,2008,13
France,FRA,2009,9
France,FRA,2010,3
France,FRA,2011,8
France,FRA,2012,66
France,FRA,2013,18
France,FRA,2014,14
France,FRA,2015,37
France,FRA,2016,26
France,FRA,2017,41
French Guiana,GUF,1983,3
French Guiana,GUF,1996,2
French Guiana,GUF,1997,2
French Polynesia,PYF,1995,3
Gabon,GAB,1979,1
Gabon,GAB,1994,1
Gabon,GAB,1996,1
Gabon,GAB,1997,1
Gabon,GAB,2017,4
Gambia,GMB,1994,1
Gambia,GMB,1995,1
Gambia,GMB,2000,1
Georgia,GEO,1991,3
Georgia,GEO,1992,39
Georgia,GEO,1994,18
Georgia,GEO,1995,17
Georgia,GEO,1996,3
Georgia,GEO,1997,6
Georgia,GEO,1998,12
Georgia,GEO,1999,7
Georgia,GEO,2000,7
Georgia,GEO,2001,4
Georgia,GEO,2002,2
Georgia,GEO,2003,6
Georgia,GEO,2004,3
Georgia,GEO,2005,6
Georgia,GEO,2006,3
Georgia,GEO,2008,33
Georgia,GEO,2009,25
Georgia,GEO,2010,7
Georgia,GEO,2011,3
Georgia,GEO,2012,3
Georgia,GEO,2013,2
Georgia,GEO,2014,2
Georgia,GEO,2015,1
Georgia,GEO,2016,4
Georgia,GEO,2017,1
Germany,DEU,1990,1
Germany,DEU,1991,65
Germany,DEU,1992,156
Germany,DEU,1994,79
Germany,DEU,1995,147
Germany,DEU,1996,52
Germany,DEU,1997,12
Germany,DEU,1998,6
Germany,DEU,1999,13
Germany,DEU,2000,8
Germany,DEU,2001,8
Germany,DEU,2002,3
Germany,DEU,2003,2
Germany,DEU,2004,3
Germany,DEU,2005,3
Germany,DEU,2006,4
Germany,DEU,2007,3
Germany,DEU,2008,3
Germany,DEU,2009,4
Germany,DEU,2010,1
Germany,DEU,2011,8
Germany,DEU,2012,5
Germany,DEU,2014,13
Germany,DEU,2015,65
Germany,DEU,2016,44
Germany,DEU,2017,27
Ghana,GHA,1987,1
Ghana,GHA,1992,8
Ghana,GHA,1994,4
Ghana,GHA,1995,1
Ghana,GHA,1996,2
Ghana,GHA,1997,1
Ghana,GHA,2014,1
Ghana,GHA,2016,1
Greece,GRC,1970,3
Greece,GRC,1971,1
Greece,GRC,1972,2
Greece,GRC,1973,11
Greece,GRC,1974,6
Greece,GRC,1975,4
Greece,GRC,1976,21
Greece,GRC,1977,47
Greece,GRC,1978,39
Greece,GRC,1979,9
Greece,GRC,1980,15
Greece,GRC,1981,20
Greece,GRC,1982,19
Greece,GRC,1983,11
Greece,GRC,1984,28
Greece,GRC,1985,35
Greece,GRC,1986,41
Greece,GRC,1987,26
Greece,GRC,1988,38
Greece,GRC,1989,50
Greece,GRC,1990,55
Greece,GRC,1991,57
Greece,GRC,1992,35
Greece,GRC,1994,42
Greece,GRC,1995,8
Greece,GRC,1996,20
Greece,GRC,1997,21
Greece,GRC,1998,28
Greece,GRC,1999,35
Greece,GRC,2000,28
Greece,GRC,2001,14
Greece,GRC,2002,11
Greece,GRC,2003,12
Greece,GRC,2004,4
Greece,GRC,2005,6
Greece,GRC,2006,23
Greece,GRC,2007,15
Greece,GRC,2008,53
Greece,GRC,2009,115
Greece,GRC,2010,49
Greece,GRC,2011,11
Greece,GRC,2012,22
Greece,GRC,2013,54
Greece,GRC,2014,26
Greece,GRC,2015,31
Greece,GRC,2016,31
Greece,GRC,2017,43
Grenada,GRD,1980,4
Grenada,GRD,1983,1
Guadeloupe,GLP,1980,9
Guadeloupe,GLP,1981,1
Guadeloupe,GLP,1983,17
Guadeloupe,GLP,1984,14
Guadeloupe,GLP,1985,9
Guadeloupe,GLP,1986,1
Guadeloupe,GLP,1988,4
Guadeloupe,GLP,1991,1
Guatemala,GTM,1970,4
Guatemala,GTM,1971,1
Guatemala,GTM,1974,1
Guatemala,GTM,1975,5
Guatemala,GTM,1976,13
Guatemala,GTM,1977,8
Guatemala,GTM,1978,29
Guatemala,GTM,1979,60
Guatemala,GTM,1980,281
Guatemala,GTM,1981,399
Guatemala,GTM,1982,354
Guatemala,GTM,1983,117
Guatemala,GTM,1984,74
Guatemala,GTM,1985,63
Guatemala,GTM,1986,31
Guatemala,GTM,1987,56
Guatemala,GTM,1988,29
Guatemala,GTM,1989,79
Guatemala,GTM,1990,83
Guatemala,GTM,1991,77
Guatemala,GTM,1992,48
Guatemala,GTM,1994,84
Guatemala,GTM,1995,82
Guatemala,GTM,1996,26
Guatemala,GTM,1997,26
Guatemala,GTM,1999,1
Guatemala,GTM,2000,1
Guatemala,GTM,2001,2
Guatemala,GTM,2003,3
Guatemala,GTM,2004,2
Guatemala,GTM,2006,4
Guatemala,GTM,2012,1
Guatemala,GTM,2013,6
Guinea,GIN,1980,2
Guinea,GIN,1992,2
Guinea,GIN,1994,2
Guinea,GIN,1996,1
Guinea,GIN,2000,12
Guinea,GIN,2005,1
Guinea,GIN,2013,2
Guinea,GIN,2015,2
Guinea,GIN,2016,1
Guinea-Bissau,GNB,2001,1
Guinea-Bissau,GNB,2003,1
Guinea-Bissau,GNB,2005,4
Guinea-Bissau,GNB,2006,1
Guinea-Bissau,GNB,2009,1
Guinea-Bissau,GNB,2012,1
Guyana,GUY,1978,1
Guyana,GUY,1979,2
Guyana,GUY,1980,1
Guyana,GUY,1981,1
Guyana,GUY,1990,5
Guyana,GUY,1992,4
Guyana,GUY,1997,1
Guyana,GUY,1998,2
Guyana,GUY,2001,1
Guyana,GUY,2002,1
Guyana,GUY,2003,1
Guyana,GUY,2006,2
Guyana,GUY,2008,3
Guyana,GUY,2016,1
Haiti,HTI,1973,1
Haiti,HTI,1974,2
Haiti,HTI,1983,6
Haiti,HTI,1987,10
Haiti,HTI,1988,6
Haiti,HTI,1989,3
Haiti,HTI,1990,3
Haiti,HTI,1991,17
Haiti,HTI,1992,27
Haiti,HTI,1994,27
Haiti,HTI,1995,34
Haiti,HTI,1996,27
Haiti,HTI,1997,16
Haiti,HTI,1998,1
Haiti,HTI,1999,5
Haiti,HTI,2000,9
Haiti,HTI,2001,5
Haiti,HTI,2002,2
Haiti,HTI,2003,5
Haiti,HTI,2004,2
Haiti,HTI,2005,1
Haiti,HTI,2006,1
Haiti,HTI,2007,2
Haiti,HTI,2016,1
Honduras,HND,1973,1
Honduras,HND,1979,6
Honduras,HND,1980,16
Honduras,HND,1981,17
Honduras,HND,1982,34
Honduras,HND,1983,29
Honduras,HND,1984,12
Honduras,HND,1985,9
Honduras,HND,1986,8
Honduras,HND,1987,20
Honduras,HND,1988,21
Honduras,HND,1989,29
Honduras,HND,1990,13
Honduras,HND,1991,21
Honduras,HND,1992,12
Honduras,HND,1994,6
Honduras,HND,1995,12
Honduras,HND,1996,19
Honduras,HND,1997,22
Honduras,HND,2002,1
Honduras,HND,2004,1
Honduras,HND,2009,8
Honduras,HND,2011,1
Honduras,HND,2013,2
Honduras,HND,2014,1
Honduras,HND,2016,1
Honduras,HND,2017,1
Hong Kong,HKG,1980,1
Hong Kong,HKG,1981,3
Hong Kong,HKG,1989,1
Hong Kong,HKG,1990,1
Hong Kong,HKG,1991,1
Hong Kong,HKG,1992,6
Hong Kong,HKG,1994,4
Hong Kong,HKG,1995,1
Hong Kong,HKG,1996,3
Hong Kong,HKG,2000,2
Hong Kong,HKG,2001,1
Hong Kong,HKG,2005,1
Hong Kong,HKG,2008,1
Hungary,HUN,1989,1
Hungary,HUN,1991,3
Hungary,HUN,1992,1
Hungary,HUN,1994,2
Hungary,HUN,1996,13
Hungary,HUN,1997,17
Hungary,HUN,1998,2
Hungary,HUN,2001,1
Hungary,HUN,2008,2
Hungary,HUN,2009,1
Hungary,HUN,2014,1
Hungary,HUN,2015,1
Hungary,HUN,2016,1
Iceland,ISL,1983,1
Iceland,ISL,1986,1
Iceland,ISL,2012,1
Iceland,ISL,2014,1
India,IND,1972,1
India,IND,1975,1
India,IND,1976,1
India,IND,1977,1
India,IND,1979,20
India,IND,1980,10
India,IND,1981,16
India,IND,1982,13
India,IND,1983,47
India,IND,1984,159
India,IND,1985,39
India,IND,1986,96
India,IND,1987,166
India,IND,1988,358
India,IND,1989,324
India,IND,1990,349
India,IND,1991,339
India,IND,1992,237
India,IND,1994,107
India,IND,1995,179
India,IND,1996,213
India,IND,1997,193
India,IND,1998,61
India,IND,1999,112
India,IND,2000,180
India,IND,2001,234
India,IND,2002,184
India,IND,2003,196
India,IND,2004,108
India,IND,2005,146
India,IND,2006,167
India,IND,2007,149
India,IND,2008,534
India,IND,2009,672
India,IND,2010,663
India,IND,2011,645
India,IND,2012,611
India,IND,2013,694
India,IND,2014,860
India,IND,2015,884
India,IND,2016,1025
India,IND,2017,966
Indonesia,IDN,1977,1
Indonesia,IDN,1978,2
Indonesia,IDN,1981,1
Indonesia,IDN,1984,2
Indonesia,IDN,1985,2
Indonesia,IDN,1986,4
Indonesia,IDN,1989,2
Indonesia,IDN,1990,3
Indonesia,IDN,1991,7
Indonesia,IDN,1992,4
Indonesia,IDN,1994,5
Indonesia,IDN,1995,24
Indonesia,IDN,1996,65
Indonesia,IDN,1997,27
Indonesia,IDN,1998,3
Indonesia,IDN,1999,60
Indonesia,IDN,2000,101
Indonesia,IDN,2001,105
Indonesia,IDN,2002,43
Indonesia,IDN,2003,18
Indonesia,IDN,2004,17
Indonesia,IDN,2005,15
Indonesia,IDN,2006,10
Indonesia,IDN,2007,2
Indonesia,IDN,2008,13
Indonesia,IDN,2009,19
Indonesia,IDN,2010,4
Indonesia,IDN,2011,21
Indonesia,IDN,2012,39
Indonesia,IDN,2013,32
Indonesia,IDN,2014,35
Indonesia,IDN,2015,29
Indonesia,IDN,2016,19
Indonesia,IDN,2017,27
International,,2002,1
Iran,IRN,1970,5
Iran,IRN,1971,11
Iran,IRN,1972,15
Iran,IRN,1973,4
Iran,IRN,1974,11
Iran,IRN,1975,13
Iran,IRN,1976,4
Iran,IRN,1977,5
Iran,IRN,1978,27
Iran,IRN,1979,82
Iran,IRN,1980,67
Iran,IRN,1981,108
Iran,IRN,1982,26
Iran,IRN,1983,10
Iran,IRN,1984,17
Iran,IRN,1985,3
Iran,IRN,1986,6
Iran,IRN,1987,1
Iran,IRN,1988,6
Iran,IRN,1989,6
Iran,IRN,1990,11
Iran,IRN,1991,9
Iran,IRN,1992,16
Iran,IRN,1994,43
Iran,IRN,1995,8
Iran,IRN,1996,3
Iran,IRN,1998,5
Iran,IRN,1999,8
Iran,IRN,2000,15
Iran,IRN,2001,4
Iran,IRN,2003,2
Iran,IRN,2005,5
Iran,IRN,2006,14
Iran,IRN,2007,9
Iran,IRN,2008,8
Iran,IRN,2009,15
Iran,IRN,2010,14
Iran,IRN,2011,13
Iran,IRN,2012,5
Iran,IRN,2013,11
Iran,IRN,2014,9
Iran,IRN,2015,9
Iran,IRN,2016,10
Iran,IRN,2017,11
Iraq,IRQ,1975,1
Iraq,IRQ,1976,3
Iraq,IRQ,1979,2
Iraq,IRQ,1980,6
Iraq,IRQ,1981,3
Iraq,IRQ,1982,5
Iraq,IRQ,1983,3
Iraq,IRQ,1984,2
Iraq,IRQ,1987,3
Iraq,IRQ,1988,4
Iraq,IRQ,1989,4
Iraq,IRQ,1991,3
Iraq,IRQ,1992,35
Iraq,IRQ,1994,18
Iraq,IRQ,1995,17
Iraq,IRQ,1996,12
Iraq,IRQ,1997,21
Iraq,IRQ,1998,7
Iraq,IRQ,1999,12
Iraq,IRQ,2000,10
Iraq,IRQ,2001,3
Iraq,IRQ,2002,6
Iraq,IRQ,2003,102
Iraq,IRQ,2004,323
Iraq,IRQ,2005,617
Iraq,IRQ,2006,838
Iraq,IRQ,2007,1047
Iraq,IRQ,2008,1106
Iraq,IRQ,2009,1137
Iraq,IRQ,2010,1179
Iraq,IRQ,2011,1308
Iraq,IRQ,2012,1437
Iraq,IRQ,2013,2852
Iraq,IRQ,2014,3933
Iraq,IRQ,2015,2751
Iraq,IRQ,2016,3360
Iraq,IRQ,2017,2466
Ireland,IRL,1970,1
Ireland,IRL,1971,1
Ireland,IRL,1972,5
Ireland,IRL,1973,3
Ireland,IRL,1974,3
Ireland,IRL,1975,7
Ireland,IRL,1976,5
Ireland,IRL,1977,3
Ireland,IRL,1978,3
Ireland,IRL,1979,8
Ireland,IRL,1980,7
Ireland,IRL,1981,5
Ireland,IRL,1982,4
Ireland,IRL,1983,4
Ireland,IRL,1984,1
Ireland,IRL,1985,2
Ireland,IRL,1986,2
Ireland,IRL,1987,24
Ireland,IRL,1989,3
Ireland,IRL,1990,2
Ireland,IRL,1991,16
Ireland,IRL,1992,7
Ireland,IRL,1994,10
Ireland,IRL,1995,3
Ireland,IRL,1996,1
Ireland,IRL,1997,4
Ireland,IRL,1998,3
Ireland,IRL,1999,3
Ireland,IRL,2001,2
Ireland,IRL,2003,1
Ireland,IRL,2006,1
Ireland,IRL,2007,1
Ireland,IRL,2008,5
Ireland,IRL,2010,4
Ireland,IRL,2011,4
Ireland,IRL,2012,29
Ireland,IRL,2013,27
Ireland,IRL,2014,33
Ireland,IRL,2015,28
Ireland,IRL,2016,15
Ireland,IRL,2017,17
Israel,ISR,1971,1
Israel,ISR,1972,15
Israel,ISR,1973,1
Israel,ISR,1974,12
Israel,ISR,1975,2
Israel,ISR,1976,2
Israel,ISR,1977,6
Israel,ISR,1978,23
Israel,ISR,1979,130
Israel,ISR,1980,79
Israel,ISR,1981,36
Israel,ISR,1982,71
Israel,ISR,1983,31
Israel,ISR,1984,25
Israel,ISR,1985,21
Israel,ISR,1986,48
Israel,ISR,1987,23
Israel,ISR,1988,35
Israel,ISR,1989,87
Israel,ISR,1990,98
Israel,ISR,1991,64
Israel,ISR,1992,78
Israel,ISR,1994,55
Israel,ISR,1995,13
Israel,ISR,1996,19
Israel,ISR,1997,13
Israel,ISR,1998,14
Israel,ISR,1999,8
Israel,ISR,2000,15
Israel,ISR,2001,79
Israel,ISR,2002,75
Israel,ISR,2003,38
Israel,ISR,2004,19
Israel,ISR,2005,43
Israel,ISR,2006,81
Israel,ISR,2007,53
Israel,ISR,2008,134
Israel,ISR,2009,36
Israel,ISR,2010,14
Israel,ISR,2011,51
Israel,ISR,2012,65
Israel,ISR,2013,37
Israel,ISR,2014,293
Israel,ISR,2015,58
Israel,ISR,2016,50
Israel,ISR,2017,32
Italy,ITA,1970,3
Italy,ITA,1971,3
Italy,ITA,1972,4
Italy,ITA,1973,15
Italy,ITA,1974,22
Italy,ITA,1975,7
Italy,ITA,1976,173
Italy,ITA,1977,308
Italy,ITA,1978,277
Italy,ITA,1979,209
Italy,ITA,1980,110
Italy,ITA,1981,69
Italy,ITA,1982,23
Italy,ITA,1983,7
Italy,ITA,1984,14
Italy,ITA,1985,11
Italy,ITA,1986,7
Italy,ITA,1987,14
Italy,ITA,1988,29
Italy,ITA,1989,15
Italy,ITA,1990,6
Italy,ITA,1991,31
Italy,ITA,1992,37
Italy,ITA,1994,18
Italy,ITA,1995,1
Italy,ITA,1996,8
Italy,ITA,1997,8
Italy,ITA,1998,6
Italy,ITA,1999,7
Italy,ITA,2000,8
Italy,ITA,2001,11
Italy,ITA,2002,7
Italy,ITA,2003,15
Italy,ITA,2004,3
Italy,ITA,2005,6
Italy,ITA,2006,4
Italy,ITA,2008,2
Italy,ITA,2009,4
Italy,ITA,2010,10
Italy,ITA,2011,5
Italy,ITA,2012,10
Italy,ITA,2013,7
Italy,ITA,2014,7
Italy,ITA,2015,5
Italy,ITA,2016,11
Italy,ITA,2017,8
Jamaica,JAM,1974,2
Jamaica,JAM,1976,1
Jamaica,JAM,1979,2
Jamaica,JAM,1980,6
Jamaica,JAM,1981,1
Jamaica,JAM,1986,1
Jamaica,JAM,1991,1
Jamaica,JAM,1992,6
Jamaica,JAM,1994,2
Jamaica,JAM,1995,1
Jamaica,JAM,1996,1
Jamaica,JAM,1997,8
Jamaica,JAM,2007,1
Jamaica,JAM,2014,1
Jamaica,JAM,2017,2
Japan,JPN,1970,2
Japan,JPN,1973,2
Japan,JPN,1974,3
Japan,JPN,1975,12
Japan,JPN,1976,1
Japan,JPN,1977,4
Japan,JPN,1978,35
Japan,JPN,1979,16
Japan,JPN,1981,1
Japan,JPN,1982,2
Japan,JPN,1983,12
Japan,JPN,1984,15
Japan,JPN,1985,10
Japan,JPN,1986,10
Japan,JPN,1987,10
Japan,JPN,1988,16
Japan,JPN,1989,13
Japan,JPN,1990,93
Japan,JPN,1991,19
Japan,JPN,1992,40
Japan,JPN,1994,9
Japan,JPN,1995,20
Japan,JPN,1996,8
Japan,JPN,1997,5
Japan,JPN,1998,1
Japan,JPN,1999,2
Japan,JPN,2000,13
Japan,JPN,2001,3
Japan,JPN,2002,2
Japan,JPN,2003,2
Japan,JPN,2008,3
Japan,JPN,2009,1
Japan,JPN,2013,1
Japan,JPN,2014,5
Japan,JPN,2015,10
Japan,JPN,2016,1
Jordan,JOR,1970,9
Jordan,JOR,1971,5
Jordan,JOR,1972,7
Jordan,JOR,1973,1
Jordan,JOR,1976,1
Jordan,JOR,1980,1
Jordan,JOR,1981,2
Jordan,JOR,1982,1
Jordan,JOR,1983,7
Jordan,JOR,1984,5
Jordan,JOR,1988,1
Jordan,JOR,1990,3
Jordan,JOR,1991,11
Jordan,JOR,1992,2
Jordan,JOR,1994,6
Jordan,JOR,1995,3
Jordan,JOR,1996,2
Jordan,JOR,1997,3
Jordan,JOR,1998,1
Jordan,JOR,1999,2
Jordan,JOR,2000,2
Jordan,JOR,2001,2
Jordan,JOR,2002,2
Jordan,JOR,2005,4
Jordan,JOR,2006,1
Jordan,JOR,2010,2
Jordan,JOR,2012,2
Jordan,JOR,2013,1
Jordan,JOR,2014,3
Jordan,JOR,2015,4
Jordan,JOR,2016,9
Jordan,JOR,2017,8
Kazakhstan,KAZ,1992,5
Kazakhstan,KAZ,1994,1
Kazakhstan,KAZ,1997,2
Kazakhstan,KAZ,2000,1
Kazakhstan,KAZ,2001,1
Kazakhstan,KAZ,2008,1
Kazakhstan,KAZ,2011,5
Kazakhstan,KAZ,2012,4
Kazakhstan,KAZ,2013,4
Kazakhstan,KAZ,2016,3
Kenya,KEN,1975,4
Kenya,KEN,1976,2
Kenya,KEN,1978,1
Kenya,KEN,1980,1
Kenya,KEN,1989,4
Kenya,KEN,1991,5
Kenya,KEN,1992,30
Kenya,KEN,1994,5
Kenya,KEN,1995,4
Kenya,KEN,1996,3
Kenya,KEN,1997,17
Kenya,KEN,1998,2
Kenya,KEN,2000,4
Kenya,KEN,2001,7
Kenya,KEN,2002,2
Kenya,KEN,2003,2
Kenya,KEN,2005,2
Kenya,KEN,2006,2
Kenya,KEN,2007,12
Kenya,KEN,2008,11
Kenya,KEN,2009,1
Kenya,KEN,2010,12
Kenya,KEN,2011,42
Kenya,KEN,2012,80
Kenya,KEN,2013,80
Kenya,KEN,2014,115
Kenya,KEN,2015,71
Kenya,KEN,2016,65
Kenya,KEN,2017,97
Kosovo,OWID_KOS,1999,39
Kosovo,OWID_KOS,2000,60
Kosovo,OWID_KOS,2001,17
Kosovo,OWID_KOS,2002,5
Kosovo,OWID_KOS,2003,9
Kosovo,OWID_KOS,2004,1
Kosovo,OWID_KOS,2005,8
Kosovo,OWID_KOS,2006,6
Kosovo,OWID_KOS,2007,5
Kosovo,OWID_KOS,2008,11
Kosovo,OWID_KOS,2009,1
Kosovo,OWID_KOS,2010,1
Kosovo,OWID_KOS,2011,1
Kosovo,OWID_KOS,2012,4
Kosovo,OWID_KOS,2013,6
Kosovo,OWID_KOS,2014,4
Kosovo,OWID_KOS,2015,2
Kosovo,OWID_KOS,2016,8
Kosovo,OWID_KOS,2017,8
Kuwait,KWT,1972,1
Kuwait,KWT,1974,1
Kuwait,KWT,1975,1
Kuwait,KWT,1976,1
Kuwait,KWT,1978,1
Kuwait,KWT,1980,4
Kuwait,KWT,1981,3
Kuwait,KWT,1982,1
Kuwait,KWT,1983,7
Kuwait,KWT,1984,1
Kuwait,KWT,1985,2
Kuwait,KWT,1986,1
Kuwait,KWT,1987,12
Kuwait,KWT,1988,4
Kuwait,KWT,1991,5
Kuwait,KWT,1992,15
Kuwait,KWT,1994,2
Kuwait,KWT,1997,2
Kuwait,KWT,2001,2
Kuwait,KWT,2002,1
Kuwait,KWT,2003,3
Kuwait,KWT,2005,2
Kuwait,KWT,2011,1
Kuwait,KWT,2015,1
Kuwait,KWT,2016,2
Kyrgyzstan,KGZ,1996,5
Kyrgyzstan,KGZ,1999,3
Kyrgyzstan,KGZ,2000,4
Kyrgyzstan,KGZ,2001,1
Kyrgyzstan,KGZ,2002,2
Kyrgyzstan,KGZ,2003,1
Kyrgyzstan,KGZ,2005,2
Kyrgyzstan,KGZ,2006,3
Kyrgyzstan,KGZ,2007,1
Kyrgyzstan,KGZ,2010,1
Kyrgyzstan,KGZ,2011,1
Kyrgyzstan,KGZ,2014,2
Kyrgyzstan,KGZ,2015,3
Kyrgyzstan,KGZ,2016,4
Kyrgyzstan,KGZ,2017,2
Laos,LAO,1989,1
Laos,LAO,1990,1
Laos,LAO,1992,4
Laos,LAO,1994,1
Laos,LAO,1996,1
Laos,LAO,2000,8
Laos,LAO,2001,1
Laos,LAO,2003,2
Laos,LAO,2012,1
Laos,LAO,2015,2
Laos,LAO,2016,4
Laos,LAO,2017,1
Latvia,LVA,1992,2
Latvia,LVA,1994,2
Latvia,LVA,1995,1
Latvia,LVA,1997,2
Latvia,LVA,1998,4
Latvia,LVA,1999,1
Latvia,LVA,2000,3
Latvia,LVA,2007,1
Latvia,LVA,2017,1
Lebanon,LBN,1970,1
Lebanon,LBN,1971,1
Lebanon,LBN,1972,3
Lebanon,LBN,1973,11
Lebanon,LBN,1974,11
Lebanon,LBN,1975,15
Lebanon,LBN,1976,4
Lebanon,LBN,1977,4
Lebanon,LBN,1978,12
Lebanon,LBN,1979,38
Lebanon,LBN,1980,86
Lebanon,LBN,1981,81
Lebanon,LBN,1982,120
Lebanon,LBN,1983,234
Lebanon,LBN,1984,166
Lebanon,LBN,1985,95
Lebanon,LBN,1986,106
Lebanon,LBN,1987,94
Lebanon,LBN,1988,125
Lebanon,LBN,1989,141
Lebanon,LBN,1990,84
Lebanon,LBN,1991,91
Lebanon,LBN,1992,91
Lebanon,LBN,1994,67
Lebanon,LBN,1995,38
Lebanon,LBN,1996,39
Lebanon,LBN,1997,46
Lebanon,LBN,1998,23
Lebanon,LBN,1999,42
Lebanon,LBN,2000,12
Lebanon,LBN,2001,5
Lebanon,LBN,2002,8
Lebanon,LBN,2003,5
Lebanon,LBN,2004,1
Lebanon,LBN,2005,17
Lebanon,LBN,2006,8
Lebanon,LBN,2007,18
Lebanon,LBN,2008,58
Lebanon,LBN,2009,14
Lebanon,LBN,2010,5
Lebanon,LBN,2011,10
Lebanon,LBN,2012,15
Lebanon,LBN,2013,121
Lebanon,LBN,2014,204
Lebanon,LBN,2015,44
Lebanon,LBN,2016,41
Lebanon,LBN,2017,23
Lesotho,LSO,1979,2
Lesotho,LSO,1981,5
Lesotho,LSO,1982,2
Lesotho,LSO,1983,12
Lesotho,LSO,1984,1
Lesotho,LSO,1988,1
Lesotho,LSO,1994,3
Lesotho,LSO,2006,1
Lesotho,LSO,2009,1
Lesotho,LSO,2015,1
Liberia,LBR,1990,4
Liberia,LBR,1991,1
Liberia,LBR,1992,10
Liberia,LBR,1994,3
Liberia,LBR,1996,1
Liberia,LBR,1999,2
Liberia,LBR,2000,1
Liberia,LBR,2001,3
Liberia,LBR,2002,3
Liberia,LBR,2003,2
Liberia,LBR,2008,1
Liberia,LBR,2012,1
Liberia,LBR,2014,1
Liberia,LBR,2017,1
Libya,LBY,1979,3
Libya,LBY,1980,2
Libya,LBY,1984,3
Libya,LBY,1992,1
Libya,LBY,1995,1
Libya,LBY,1996,4
Libya,LBY,2007,1
Libya,LBY,2008,1
Libya,LBY,2011,2
Libya,LBY,2012,57
Libya,LBY,2013,291
Libya,LBY,2014,728
Libya,LBY,2015,543
Libya,LBY,2016,422
Libya,LBY,2017,190
Lithuania,LTU,1991,1
Lithuania,LTU,1992,1
Lithuania,LTU,1995,2
Lithuania,LTU,1996,3
Lithuania,LTU,1997,1
Luxembourg,LUX,1983,2
Luxembourg,LUX,1985,10
Luxembourg,LUX,1986,1
Luxembourg,LUX,1994,3
Macau,,1995,1
Macau,,1996,10
Macau,,1997,16
Macau,,1998,6
Macedonia,MKD,1994,1
Macedonia,MKD,1995,1
Macedonia,MKD,1997,2
Macedonia,MKD,1998,5
Macedonia,MKD,1999,3
Macedonia,MKD,2000,3
Macedonia,MKD,2001,67
Macedonia,MKD,2002,8
Macedonia,MKD,2003,5
Macedonia,MKD,2006,3
Macedonia,MKD,2007,1
Macedonia,MKD,2008,9
Macedonia,MKD,2009,1
Macedonia,MKD,2012,1
Macedonia,MKD,2014,3
Macedonia,MKD,2015,4
Macedonia,MKD,2017,1
Madagascar,MDG,1991,1
Madagascar,MDG,1992,7
Madagascar,MDG,1995,3
Madagascar,MDG,1996,2
Madagascar,MDG,1997,1
Madagascar,MDG,2002,5
Madagascar,MDG,2006,1
Madagascar,MDG,2009,1
Madagascar,MDG,2011,1
Madagascar,MDG,2012,1
Madagascar,MDG,2013,2
Madagascar,MDG,2014,1
Madagascar,MDG,2016,1
Malawi,MWI,1992,3
Malawi,MWI,2002,1
Malawi,MWI,2017,1
Malaysia,MYS,1973,1
Malaysia,MYS,1975,3
Malaysia,MYS,1977,2
Malaysia,MYS,1979,1
Malaysia,MYS,1983,1
Malaysia,MYS,1986,15
Malaysia,MYS,1988,4
Malaysia,MYS,1989,2
Malaysia,MYS,1990,3
Malaysia,MYS,1991,3
Malaysia,MYS,1992,2
Malaysia,MYS,2000,3
Malaysia,MYS,2001,1
Malaysia,MYS,2008,2
Malaysia,MYS,2009,1
Malaysia,MYS,2012,2
Malaysia,MYS,2013,13
Malaysia,MYS,2014,12
Malaysia,MYS,2015,5
Malaysia,MYS,2016,19
Malaysia,MYS,2017,4
Maldives,MDV,1988,1
Maldives,MDV,2006,1
Maldives,MDV,2007,1
Maldives,MDV,2008,1
Maldives,MDV,2012,1
Maldives,MDV,2013,3
Maldives,MDV,2014,9
Maldives,MDV,2015,2
Maldives,MDV,2016,1
Maldives,MDV,2017,2
Mali,MLI,1990,1
Mali,MLI,1991,12
Mali,MLI,1992,3
Mali,MLI,1994,13
Mali,MLI,1995,1
Mali,MLI,1997,3
Mali,MLI,2005,1
Mali,MLI,2007,5
Mali,MLI,2008,9
Mali,MLI,2009,6
Mali,MLI,2010,1
Mali,MLI,2011,4
Mali,MLI,2012,19
Mali,MLI,2013,58
Mali,MLI,2014,69
Mali,MLI,2015,121
Mali,MLI,2016,99
Mali,MLI,2017,141
Malta,MLT,1977,1
Malta,MLT,1984,7
Malta,MLT,1985,1
Malta,MLT,1986,1
Malta,MLT,1987,4
Malta,MLT,1992,1
Malta,MLT,1995,2
Malta,MLT,1997,1
Malta,MLT,2014,1
Malta,MLT,2015,1
Malta,MLT,2017,3
Martinique,MTQ,1981,1
Martinique,MTQ,1983,5
Martinique,MTQ,1984,2
Martinique,MTQ,1987,1
Martinique,MTQ,1988,1
Martinique,MTQ,1991,1
Martinique,MTQ,1992,1
Mauritania,MRT,1977,4
Mauritania,MRT,1996,1
Mauritania,MRT,2004,1
Mauritania,MRT,2005,1
Mauritania,MRT,2008,2
Mauritania,MRT,2009,5
Mauritania,MRT,2010,1
Mauritania,MRT,2011,3
Mauritius,MUS,1988,1
Mauritius,MUS,1989,1
Mexico,MEX,1970,2
Mexico,MEX,1972,1
Mexico,MEX,1973,6
Mexico,MEX,1974,16
Mexico,MEX,1975,10
Mexico,MEX,1976,20
Mexico,MEX,1977,19
Mexico,MEX,1978,30
Mexico,MEX,1979,10
Mexico,MEX,1980,5
Mexico,MEX,1981,3
Mexico,MEX,1982,3
Mexico,MEX,1983,2
Mexico,MEX,1984,4
Mexico,MEX,1985,1
Mexico,MEX,1986,2
Mexico,MEX,1987,1
Mexico,MEX,1988,3
Mexico,MEX,1989,1
Mexico,MEX,1990,5
Mexico,MEX,1991,10
Mexico,MEX,1992,6
Mexico,MEX,1994,42
Mexico,MEX,1995,29
Mexico,MEX,1996,75
Mexico,MEX,1997,95
Mexico,MEX,1998,2
Mexico,MEX,1999,1
Mexico,MEX,2000,4
Mexico,MEX,2001,7
Mexico,MEX,2003,1
Mexico,MEX,2004,1
Mexico,MEX,2005,1
Mexico,MEX,2006,7
Mexico,MEX,2007,10
Mexico,MEX,2008,8
Mexico,MEX,2009,1
Mexico,MEX,2010,5
Mexico,MEX,2011,2
Mexico,MEX,2012,16
Mexico,MEX,2013,8
Mexico,MEX,2014,5
Mexico,MEX,2015,19
Mexico,MEX,2016,5
Mexico,MEX,2017,20
Middle East & North Africa,,1970,28
Middle East & North Africa,,1971,55
Middle East & North Africa,,1972,53
Middle East & North Africa,,1973,19
Middle East & North Africa,,1974,42
Middle East & North Africa,,1975,44
Middle East & North Africa,,1976,55
Middle East & North Africa,,1977,211
Middle East & North Africa,,1978,128
Middle East & North Africa,,1979,455
Middle East & North Africa,,1980,437
Middle East & North Africa,,1981,312
Middle East & North Africa,,1982,290
Middle East & North Africa,,1983,334
Middle East & North Africa,,1984,268
Middle East & North Africa,,1985,133
Middle East & North Africa,,1986,196
Middle East & North Africa,,1987,202
Middle East & North Africa,,1988,246
Middle East & North Africa,,1989,465
Middle East & North Africa,,1990,494
Middle East & North Africa,,1991,612
Middle East & North Africa,,1992,1192
Middle East & North Africa,,1994,1051
Middle East & North Africa,,1995,590
Middle East & North Africa,,1996,373
Middle East & North Africa,,1997,548
Middle East & North Africa,,1998,247
Middle East & North Africa,,1999,316
Middle East & North Africa,,2000,272
Middle East & North Africa,,2001,362
Middle East & North Africa,,2002,326
Middle East & North Africa,,2003,310
Middle East & North Africa,,2004,492
Middle East & North Africa,,2005,882
Middle East & North Africa,,2006,1187
Middle East & North Africa,,2007,1385
Middle East & North Africa,,2008,1536
Middle East & North Africa,,2009,1361
Middle East & North Africa,,2010,1463
Middle East & North Africa,,2011,1663
Middle East & North Africa,,2012,2409
Middle East & North Africa,,2013,4560
Middle East & North Africa,,2014,6939
Middle East & North Africa,,2015,6036
Middle East & North Africa,,2016,6115
Middle East & North Africa,,2017,3780
Moldova,MDA,1991,1
Moldova,MDA,1992,11
Moldova,MDA,1994,1
Moldova,MDA,1996,2
Moldova,MDA,1997,1
Moldova,MDA,2000,1
Moldova,MDA,2006,1
Moldova,MDA,2009,1
Moldova,MDA,2012,1
Moldova,MDA,2016,1
Montenegro,MNE,2001,1
Montenegro,MNE,2007,1
Montenegro,MNE,2013,2
Montenegro,MNE,2015,1
Morocco,MAR,1973,2
Morocco,MAR,1976,1
Morocco,MAR,1978,1
Morocco,MAR,1979,2
Morocco,MAR,1985,2
Morocco,MAR,1986,2
Morocco,MAR,1987,4
Morocco,MAR,1991,3
Morocco,MAR,1992,1
Morocco,MAR,1994,2
Morocco,MAR,1995,1
Morocco,MAR,1996,2
Morocco,MAR,2003,5
Morocco,MAR,2007,6
Morocco,MAR,2011,1
Morocco,MAR,2015,1
Mozambique,MOZ,1978,2
Mozambique,MOZ,1979,5
Mozambique,MOZ,1981,3
Mozambique,MOZ,1982,9
Mozambique,MOZ,1983,4
Mozambique,MOZ,1984,10
Mozambique,MOZ,1985,5
Mozambique,MOZ,1986,7
Mozambique,MOZ,1987,11
Mozambique,MOZ,1988,16
Mozambique,MOZ,1989,64
Mozambique,MOZ,1990,23
Mozambique,MOZ,1991,35
Mozambique,MOZ,1992,19
Mozambique,MOZ,1994,3
Mozambique,MOZ,1995,3
Mozambique,MOZ,1999,1
Mozambique,MOZ,2000,3
Mozambique,MOZ,2007,1
Mozambique,MOZ,2012,1
Mozambique,MOZ,2013,18
Mozambique,MOZ,2014,22
Mozambique,MOZ,2015,8
Mozambique,MOZ,2016,79
Mozambique,MOZ,2017,11
Myanmar,MMR,1973,1
Myanmar,MMR,1976,2
Myanmar,MMR,1979,19
Myanmar,MMR,1980,1
Myanmar,MMR,1982,2
Myanmar,MMR,1983,4
Myanmar,MMR,1987,1
Myanmar,MMR,1988,23
Myanmar,MMR,1989,24
Myanmar,MMR,1990,9
Myanmar,MMR,1991,22
Myanmar,MMR,1992,12
Myanmar,MMR,1994,8
Myanmar,MMR,1995,12
Myanmar,MMR,1996,13
Myanmar,MMR,1997,35
Myanmar,MMR,1999,4
Myanmar,MMR,2001,3
Myanmar,MMR,2002,4
Myanmar,MMR,2003,9
Myanmar,MMR,2004,2
Myanmar,MMR,2005,8
Myanmar,MMR,2006,2
Myanmar,MMR,2007,3
Myanmar,MMR,2008,20
Myanmar,MMR,2009,14
Myanmar,MMR,2010,11
Myanmar,MMR,2011,2
Myanmar,MMR,2012,17
Myanmar,MMR,2013,18
Myanmar,MMR,2014,15
Myanmar,MMR,2015,37
Myanmar,MMR,2016,74
Myanmar,MMR,2017,115
Namibia,NAM,1975,1
Namibia,NAM,1976,2
Namibia,NAM,1978,8
Namibia,NAM,1979,31
Namibia,NAM,1980,2
Namibia,NAM,1982,2
Namibia,NAM,1983,5
Namibia,NAM,1984,24
Namibia,NAM,1985,8
Namibia,NAM,1986,1
Namibia,NAM,1987,7
Namibia,NAM,1988,17
Namibia,NAM,1989,11
Namibia,NAM,1990,2
Namibia,NAM,1991,1
Namibia,NAM,1994,1
Namibia,NAM,1999,1
Namibia,NAM,2000,21
Namibia,NAM,2001,6
Nepal,NPL,1985,9
Nepal,NPL,1991,1
Nepal,NPL,1992,8
Nepal,NPL,1994,3
Nepal,NPL,1996,5
Nepal,NPL,1997,9
Nepal,NPL,1999,8
Nepal,NPL,2000,23
Nepal,NPL,2001,33
Nepal,NPL,2002,58
Nepal,NPL,2003,15
Nepal,NPL,2004,62
Nepal,NPL,2005,70
Nepal,NPL,2006,83
Nepal,NPL,2007,90
Nepal,NPL,2008,120
Nepal,NPL,2009,39
Nepal,NPL,2010,38
Nepal,NPL,2011,46
Nepal,NPL,2012,46
Nepal,NPL,2013,104
Nepal,NPL,2014,7
Nepal,NPL,2015,48
Nepal,NPL,2016,43
Nepal,NPL,2017,247
Netherlands,NLD,1970,3
Netherlands,NLD,1971,1
Netherlands,NLD,1972,1
Netherlands,NLD,1973,1
Netherlands,NLD,1974,2
Netherlands,NLD,1975,4
Netherlands,NLD,1976,3
Netherlands,NLD,1977,6
Netherlands,NLD,1978,3
Netherlands,NLD,1979,3
Netherlands,NLD,1980,1
Netherlands,NLD,1981,1
Netherlands,NLD,1982,2
Netherlands,NLD,1983,2
Netherlands,NLD,1984,1
Netherlands,NLD,1985,4
Netherlands,NLD,1986,14
Netherlands,NLD,1987,1
Netherlands,NLD,1988,4
Netherlands,NLD,1989,5
Netherlands,NLD,1990,6
Netherlands,NLD,1991,8
Netherlands,NLD,1992,12
Netherlands,NLD,1994,3
Netherlands,NLD,1995,7
Netherlands,NLD,1996,6
Netherlands,NLD,1997,1
Netherlands,NLD,1999,1
Netherlands,NLD,2000,1
Netherlands,NLD,2001,1
Netherlands,NLD,2002,2
Netherlands,NLD,2003,3
Netherlands,NLD,2004,1
Netherlands,NLD,2008,1
Netherlands,NLD,2009,1
Netherlands,NLD,2010,1
Netherlands,NLD,2011,2
Netherlands,NLD,2014,1
Netherlands,NLD,2015,3
Netherlands,NLD,2016,6
Netherlands,NLD,2017,1
New Caledonia,NCL,1984,10
New Caledonia,NCL,1985,7
New Caledonia,NCL,1986,2
New Caledonia,NCL,1988,9
New Caledonia,NCL,1989,1
New Caledonia,NCL,1992,2
New Hebrides,,1980,1
New Zealand,NZL,1973,1
New Zealand,NZL,1981,2
New Zealand,NZL,1984,1
New Zealand,NZL,1991,1
New Zealand,NZL,1994,1
New Zealand,NZL,1996,2
New Zealand,NZL,1997,1
New Zealand,NZL,2001,1
New Zealand,NZL,2003,3
New Zealand,NZL,2008,5
New Zealand,NZL,2014,1
New Zealand,NZL,2016,1
Nicaragua,NIC,1970,1
Nicaragua,NIC,1974,1
Nicaragua,NIC,1975,1
Nicaragua,NIC,1977,5
Nicaragua,NIC,1978,76
Nicaragua,NIC,1979,206
Nicaragua,NIC,1980,35
Nicaragua,NIC,1981,47
Nicaragua,NIC,1982,63
Nicaragua,NIC,1983,299
Nicaragua,NIC,1984,302
Nicaragua,NIC,1985,258
Nicaragua,NIC,1986,171
Nicaragua,NIC,1987,223
Nicaragua,NIC,1988,62
Nicaragua,NIC,1989,21
Nicaragua,NIC,1990,15
Nicaragua,NIC,1991,80
Nicaragua,NIC,1992,30
Nicaragua,NIC,1994,19
Nicaragua,NIC,1995,18
Nicaragua,NIC,1996,26
Nicaragua,NIC,1997,7
Nicaragua,NIC,1999,1
Nicaragua,NIC,2000,1
Nicaragua,NIC,2014,2
Niger,NER,1985,1
Niger,NER,1989,1
Niger,NER,1991,6
Niger,NER,1992,16
Niger,NER,1994,8
Niger,NER,1995,2
Niger,NER,1996,1
Niger,NER,1997,3
Niger,NER,1999,2
Niger,NER,2007,7
Niger,NER,2008,9
Niger,NER,2009,4
Niger,NER,2010,3
Niger,NER,2011,2
Niger,NER,2012,1
Niger,NER,2013,4
Niger,NER,2014,5
Niger,NER,2015,41
Niger,NER,2016,25
Niger,NER,2017,13
Nigeria,NGA,1976,1
Nigeria,NGA,1980,1
Nigeria,NGA,1983,3
Nigeria,NGA,1988,2
Nigeria,NGA,1991,3
Nigeria,NGA,1992,11
Nigeria,NGA,1994,8
Nigeria,NGA,1995,1
Nigeria,NGA,1996,11
Nigeria,NGA,1997,20
Nigeria,NGA,1998,2
Nigeria,NGA,1999,18
Nigeria,NGA,2000,6
Nigeria,NGA,2001,5
Nigeria,NGA,2002,6
Nigeria,NGA,2003,9
Nigeria,NGA,2004,6
Nigeria,NGA,2005,9
Nigeria,NGA,2006,37
Nigeria,NGA,2007,61
Nigeria,NGA,2008,76
Nigeria,NGA,2009,42
Nigeria,NGA,2010,63
Nigeria,NGA,2011,175
Nigeria,NGA,2012,616
Nigeria,NGA,2013,346
Nigeria,NGA,2014,714
Nigeria,NGA,2015,638
Nigeria,NGA,2016,533
Nigeria,NGA,2017,484
North America,,1970,472
North America,,1971,247
North America,,1972,73
North America,,1973,64
North America,,1974,111
North America,,1975,159
North America,,1976,125
North America,,1977,149
North America,,1978,117
North America,,1979,79
North America,,1980,75
North America,,1981,77
North America,,1982,86
North America,,1983,47
North America,,1984,67
North America,,1985,44
North America,,1986,53
North America,,1987,35
North America,,1988,30
North America,,1989,44
North America,,1990,37
North America,,1991,40
North America,,1992,41
North America,,1994,101
North America,,1995,94
North America,,1996,111
North America,,1997,137
North America,,1998,37
North America,,1999,56
North America,,2000,41
North America,,2001,48
North America,,2002,33
North America,,2003,34
North America,,2004,12
North America,,2005,22
North America,,2006,15
North America,,2007,18
North America,,2008,31
North America,,2009,16
North America,,2010,24
North America,,2011,12
North America,,2012,39
North America,,2013,32
North America,,2014,37
North America,,2015,62
North America,,2016,75
North America,,2017,97
North Korea,PRK,1994,1
North Yemen,,1974,1
North Yemen,,1977,1
North Yemen,,1978,2
North Yemen,,1981,1
North Yemen,,1988,1
Norway,NOR,1979,1
Norway,NOR,1981,1
Norway,NOR,1987,2
Norway,NOR,1991,2
Norway,NOR,1992,2
Norway,NOR,1994,2
Norway,NOR,1996,1
Norway,NOR,2001,1
Norway,NOR,2003,1
Norway,NOR,2006,1
Norway,NOR,2010,1
Norway,NOR,2011,3
Norway,NOR,2017,1
Pakistan,PAK,1970,1
Pakistan,PAK,1974,2
Pakistan,PAK,1975,2
Pakistan,PAK,1976,3
Pakistan,PAK,1978,2
Pakistan,PAK,1979,7
Pakistan,PAK,1980,1
Pakistan,PAK,1981,4
Pakistan,PAK,1982,4
Pakistan,PAK,1983,9
Pakistan,PAK,1984,3
Pakistan,PAK,1985,2
Pakistan,PAK,1986,24
Pakistan,PAK,1987,60
Pakistan,PAK,1988,44
Pakistan,PAK,1989,45
Pakistan,PAK,1990,87
Pakistan,PAK,1991,150
Pakistan,PAK,1992,85
Pakistan,PAK,1994,154
Pakistan,PAK,1995,666
Pakistan,PAK,1996,180
Pakistan,PAK,1997,206
Pakistan,PAK,1998,37
Pakistan,PAK,1999,39
Pakistan,PAK,2000,49
Pakistan,PAK,2001,53
Pakistan,PAK,2002,46
Pakistan,PAK,2003,29
Pakistan,PAK,2004,67
Pakistan,PAK,2005,77
Pakistan,PAK,2006,164
Pakistan,PAK,2007,260
Pakistan,PAK,2008,568
Pakistan,PAK,2009,667
Pakistan,PAK,2010,713
Pakistan,PAK,2011,1012
Pakistan,PAK,2012,1654
Pakistan,PAK,2013,2215
Pakistan,PAK,2014,2151
Pakistan,PAK,2015,1243
Pakistan,PAK,2016,864
Pakistan,PAK,2017,719
Palestine,PSE,1972,1
Palestine,PSE,1976,1
Palestine,PSE,1978,4
Palestine,PSE,1979,22
Palestine,PSE,1980,56
Palestine,PSE,1981,17
Palestine,PSE,1982,39
Palestine,PSE,1983,34
Palestine,PSE,1984,26
Palestine,PSE,1985,1
Palestine,PSE,1986,13
Palestine,PSE,1987,11
Palestine,PSE,1988,18
Palestine,PSE,1989,100
Palestine,PSE,1990,88
Palestine,PSE,1991,83
Palestine,PSE,1992,119
Palestine,PSE,1994,165
Palestine,PSE,1995,67
Palestine,PSE,1996,30
Palestine,PSE,1997,22
Palestine,PSE,1998,12
Palestine,PSE,1999,11
Palestine,PSE,2000,28
Palestine,PSE,2001,123
Palestine,PSE,2002,86
Palestine,PSE,2003,45
Palestine,PSE,2004,34
Palestine,PSE,2005,38
Palestine,PSE,2006,35
Palestine,PSE,2007,88
Palestine,PSE,2008,63
Palestine,PSE,2009,10
Palestine,PSE,2010,11
Palestine,PSE,2011,20
Palestine,PSE,2012,23
Palestine,PSE,2013,64
Palestine,PSE,2014,133
Palestine,PSE,2015,246
Palestine,PSE,2016,157
Palestine,PSE,2017,83
Panama,PAN,1972,1
Panama,PAN,1976,2
Panama,PAN,1979,4
Panama,PAN,1980,4
Panama,PAN,1981,4
Panama,PAN,1983,9
Panama,PAN,1984,2
Panama,PAN,1986,5
Panama,PAN,1987,4
Panama,PAN,1988,1
Panama,PAN,1989,2
Panama,PAN,1990,15
Panama,PAN,1991,16
Panama,PAN,1992,37
Panama,PAN,1994,3
Panama,PAN,1995,6
Panama,PAN,1996,2
Panama,PAN,1997,6
Panama,PAN,1999,1
Panama,PAN,2000,1
Panama,PAN,2009,1
Panama,PAN,2016,1
Papua New Guinea,PNG,1989,24
Papua New Guinea,PNG,1990,18
Papua New Guinea,PNG,1991,2
Papua New Guinea,PNG,1992,10
Papua New Guinea,PNG,1994,3
Papua New Guinea,PNG,1995,10
Papua New Guinea,PNG,1996,10
Papua New Guinea,PNG,1997,2
Papua New Guinea,PNG,2002,1
Papua New Guinea,PNG,2007,1
Papua New Guinea,PNG,2017,8
Paraguay,PRY,1970,1
Paraguay,PRY,1976,1
Paraguay,PRY,1980,2
Paraguay,PRY,1984,2
Paraguay,PRY,1985,1
Paraguay,PRY,1987,1
Paraguay,PRY,1992,4
Paraguay,PRY,1994,2
Paraguay,PRY,1995,12
Paraguay,PRY,1997,6
Paraguay,PRY,1999,1
Paraguay,PRY,2000,2
Paraguay,PRY,2010,2
Paraguay,PRY,2011,4
Paraguay,PRY,2012,4
Paraguay,PRY,2013,10
Paraguay,PRY,2014,15
Paraguay,PRY,2015,19
Paraguay,PRY,2016,15
Paraguay,PRY,2017,10
Peru,PER,1973,3
Peru,PER,1974,3
Peru,PER,1975,2
Peru,PER,1977,4
Peru,PER,1978,4
Peru,PER,1979,3
Peru,PER,1980,64
Peru,PER,1981,149
Peru,PER,1982,350
Peru,PER,1983,536
Peru,PER,1984,592
Peru,PER,1985,352
Peru,PER,1986,568
Peru,PER,1987,627
Peru,PER,1988,355
Peru,PER,1989,630
Peru,PER,1990,495
Peru,PER,1991,658
Peru,PER,1992,383
Peru,PER,1994,91
Peru,PER,1995,44
Peru,PER,1996,42
Peru,PER,1997,58
Peru,PER,1998,5
Peru,PER,1999,5
Peru,PER,2000,3
Peru,PER,2001,3
Peru,PER,2002,2
Peru,PER,2003,1
Peru,PER,2004,3
Peru,PER,2005,2
Peru,PER,2006,1
Peru,PER,2007,4
Peru,PER,2008,1
Peru,PER,2009,4
Peru,PER,2012,6
Peru,PER,2013,10
Peru,PER,2014,12
Peru,PER,2015,10
Peru,PER,2016,3
Peru,PER,2017,8
Philippines,PHL,1970,10
Philippines,PHL,1971,4
Philippines,PHL,1972,7
Philippines,PHL,1974,1
Philippines,PHL,1975,4
Philippines,PHL,1976,10
Philippines,PHL,1977,2
Philippines,PHL,1978,36
Philippines,PHL,1979,50
Philippines,PHL,1980,60
Philippines,PHL,1981,31
Philippines,PHL,1982,38
Philippines,PHL,1983,16
Philippines,PHL,1984,43
Philippines,PHL,1985,124
Philippines,PHL,1986,80
Philippines,PHL,1987,160
Philippines,PHL,1988,210
Philippines,PHL,1989,156
Philippines,PHL,1990,320
Philippines,PHL,1991,162
Philippines,PHL,1992,162
Philippines,PHL,1994,72
Philippines,PHL,1995,63
Philippines,PHL,1996,61
Philippines,PHL,1997,57
Philippines,PHL,1998,18
Philippines,PHL,1999,31
Philippines,PHL,2000,132
Philippines,PHL,2001,50
Philippines,PHL,2002,48
Philippines,PHL,2003,107
Philippines,PHL,2004,32
Philippines,PHL,2005,25
Philippines,PHL,2006,58
Philippines,PHL,2007,65
Philippines,PHL,2008,276
Philippines,PHL,2009,229
Philippines,PHL,2010,205
Philippines,PHL,2011,151
Philippines,PHL,2012,249
Philippines,PHL,2013,651
Philippines,PHL,2014,597
Philippines,PHL,2015,721
Philippines,PHL,2016,632
Philippines,PHL,2017,692
Poland,POL,1971,1
Poland,POL,1979,1
Poland,POL,1981,1
Poland,POL,1990,7
Poland,POL,1992,5
Poland,POL,1994,4
Poland,POL,1995,4
Poland,POL,1996,6
Poland,POL,1997,3
Poland,POL,1998,2
Poland,POL,2001,1
Poland,POL,2010,1
Poland,POL,2016,2
Poland,POL,2017,1
Portugal,PRT,1972,1
Portugal,PRT,1973,1
Portugal,PRT,1975,4
Portugal,PRT,1976,15
Portugal,PRT,1977,15
Portugal,PRT,1978,4
Portugal,PRT,1979,15
Portugal,PRT,1980,8
Portugal,PRT,1981,10
Portugal,PRT,1982,3
Portugal,PRT,1983,9
Portugal,PRT,1984,14
Portugal,PRT,1985,20
Portugal,PRT,1986,11
Portugal,PRT,1988,2
Portugal,PRT,1989,1
Portugal,PRT,1992,1
Portugal,PRT,1994,1
Portugal,PRT,1995,3
Portugal,PRT,2011,2
Qatar,QAT,1982,1
Qatar,QAT,1989,1
Qatar,QAT,1996,1
Qatar,QAT,2000,1
Qatar,QAT,2001,1
Qatar,QAT,2005,1
Qatar,QAT,2015,1
Rhodesia,,1978,19
Rhodesia,,1979,51
Rhodesia,,1980,13
Romania,ROU,1984,1
Romania,ROU,1985,1
Romania,ROU,1991,1
Romania,ROU,1992,1
Romania,ROU,1995,1
Romania,ROU,2008,1
Russia,RUS,1992,21
Russia,RUS,1994,47
Russia,RUS,1995,37
Russia,RUS,1996,66
Russia,RUS,1997,77
Russia,RUS,1998,26
Russia,RUS,1999,54
Russia,RUS,2000,138
Russia,RUS,2001,135
Russia,RUS,2002,89
Russia,RUS,2003,76
Russia,RUS,2004,44
Russia,RUS,2005,64
Russia,RUS,2006,56
Russia,RUS,2007,51
Russia,RUS,2008,170
Russia,RUS,2009,152
Russia,RUS,2010,251
Russia,RUS,2011,188
Russia,RUS,2012,151
Russia,RUS,2013,144
Russia,RUS,2014,48
Russia,RUS,2015,21
Russia,RUS,2016,55
Russia,RUS,2017,33
Rwanda,RWA,1991,3
Rwanda,RWA,1992,18
Rwanda,RWA,1994,33
Rwanda,RWA,1995,17
Rwanda,RWA,1996,15
Rwanda,RWA,1997,33
Rwanda,RWA,1998,9
Rwanda,RWA,2000,1
Rwanda,RWA,2001,2
Rwanda,RWA,2005,1
Rwanda,RWA,2008,1
Rwanda,RWA,2009,1
Rwanda,RWA,2010,8
Rwanda,RWA,2011,2
Rwanda,RWA,2012,6
Rwanda,RWA,2013,4
Rwanda,RWA,2014,2
Rwanda,RWA,2016,1
Rwanda,RWA,2017,2
Saint Kitts and Nevis,KNA,1995,2
Saint Lucia,LCA,2000,1
Saudi Arabia,SAU,1977,1
Saudi Arabia,SAU,1979,1
Saudi Arabia,SAU,1984,2
Saudi Arabia,SAU,1985,2
Saudi Arabia,SAU,1986,1
Saudi Arabia,SAU,1988,1
Saudi Arabia,SAU,1989,3
Saudi Arabia,SAU,1991,2
Saudi Arabia,SAU,1994,2
Saudi Arabia,SAU,1995,3
Saudi Arabia,SAU,1996,1
Saudi Arabia,SAU,2000,5
Saudi Arabia,SAU,2001,3
Saudi Arabia,SAU,2002,2
Saudi Arabia,SAU,2003,8
Saudi Arabia,SAU,2004,17
Saudi Arabia,SAU,2005,1
Saudi Arabia,SAU,2006,3
Saudi Arabia,SAU,2007,1
Saudi Arabia,SAU,2009,3
Saudi Arabia,SAU,2011,2
Saudi Arabia,SAU,2012,6
Saudi Arabia,SAU,2013,6
Saudi Arabia,SAU,2014,14
Saudi Arabia,SAU,2015,103
Saudi Arabia,SAU,2016,124
Saudi Arabia,SAU,2017,54
Senegal,SEN,1980,1
Senegal,SEN,1988,3
Senegal,SEN,1990,11
Senegal,SEN,1991,4
Senegal,SEN,1992,15
Senegal,SEN,1994,2
Senegal,SEN,1995,8
Senegal,SEN,1997,26
Senegal,SEN,1998,1
Senegal,SEN,1999,1
Senegal,SEN,2000,4
Senegal,SEN,2001,8
Senegal,SEN,2002,3
Senegal,SEN,2005,1
Senegal,SEN,2007,1
Senegal,SEN,2008,2
Senegal,SEN,2009,3
Senegal,SEN,2010,1
Senegal,SEN,2011,4
Senegal,SEN,2012,12
Senegal,SEN,2013,3
Senegal,SEN,2014,2
Senegal,SEN,2015,2
Serbia,SRB,2008,4
Serbia,SRB,2009,3
Serbia,SRB,2010,1
Serbia,SRB,2012,3
Serbia,SRB,2017,1
Serbia-Montenegro,,2003,6
Serbia-Montenegro,,2004,1
Serbia-Montenegro,,2005,2
Serbia-Montenegro,,2006,2
Seychelles,SYC,1981,2
Sierra Leone,SLE,1991,9
Sierra Leone,SLE,1992,4
Sierra Leone,SLE,1994,22
Sierra Leone,SLE,1995,14
Sierra Leone,SLE,1996,5
Sierra Leone,SLE,1997,3
Sierra Leone,SLE,1998,7
Sierra Leone,SLE,1999,9
Sierra Leone,SLE,2000,24
Sierra Leone,SLE,2016,1
Sierra Leone,SLE,2017,3
Singapore,SGP,1974,1
Singapore,SGP,1985,1
Singapore,SGP,1987,2
Singapore,SGP,1991,1
Singapore,SGP,1992,1
Singapore,SGP,1994,1
Slovakia,SVK,1994,1
Slovakia,SVK,1995,3
Slovakia,SVK,1996,5
Slovakia,SVK,1997,4
Slovakia,SVK,1998,2
Slovakia,SVK,1999,1
Slovakia,SVK,2000,1
Slovakia,SVK,2016,1
Slovenia,SVN,1994,1
Slovenia,SVN,1996,3
Slovenia,SVN,1997,1
Slovenia,SVN,2000,1
Solomon Islands,SLB,1999,1
Solomon Islands,SLB,2000,1
Solomon Islands,SLB,2002,1
Solomon Islands,SLB,2003,1
Somalia,SOM,1975,1
Somalia,SOM,1980,1
Somalia,SOM,1981,8
Somalia,SOM,1983,1
Somalia,SOM,1984,2
Somalia,SOM,1987,1
Somalia,SOM,1988,2
Somalia,SOM,1989,2
Somalia,SOM,1990,12
Somalia,SOM,1991,8
Somalia,SOM,1992,21
Somalia,SOM,1994,57
Somalia,SOM,1995,13
Somalia,SOM,1996,16
Somalia,SOM,1997,19
Somalia,SOM,1998,1
Somalia,SOM,1999,4
Somalia,SOM,2000,9
Somalia,SOM,2001,5
Somalia,SOM,2002,3
Somalia,SOM,2003,1
Somalia,SOM,2004,1
Somalia,SOM,2005,6
Somalia,SOM,2006,10
Somalia,SOM,2007,156
Somalia,SOM,2008,172
Somalia,SOM,2009,122
Somalia,SOM,2010,130
Somalia,SOM,2011,185
Somalia,SOM,2012,325
Somalia,SOM,2013,342
Somalia,SOM,2014,872
Somalia,SOM,2015,418
Somalia,SOM,2016,602
Somalia,SOM,2017,614
South Africa,ZAF,1974,1
South Africa,ZAF,1976,1
South Africa,ZAF,1977,15
South Africa,ZAF,1978,9
South Africa,ZAF,1979,16
South Africa,ZAF,1980,23
South Africa,ZAF,1981,42
South Africa,ZAF,1982,26
South Africa,ZAF,1983,56
South Africa,ZAF,1984,60
South Africa,ZAF,1985,106
South Africa,ZAF,1986,159
South Africa,ZAF,1987,133
South Africa,ZAF,1988,245
South Africa,ZAF,1989,149
South Africa,ZAF,1990,154
South Africa,ZAF,1991,127
South Africa,ZAF,1992,271
South Africa,ZAF,1994,174
South Africa,ZAF,1995,32
South Africa,ZAF,1996,47
South Africa,ZAF,1997,17
South Africa,ZAF,1998,6
South Africa,ZAF,1999,17
South Africa,ZAF,2000,21
South Africa,ZAF,2002,8
South Africa,ZAF,2007,2
South Africa,ZAF,2008,1
South Africa,ZAF,2012,4
South Africa,ZAF,2013,13
South Africa,ZAF,2014,20
South Africa,ZAF,2015,5
South Africa,ZAF,2016,27
South Africa,ZAF,2017,29
South America,,1970,65
South America,,1971,24
South America,,1972,33
South America,,1973,83
South America,,1974,81
South America,,1975,55
South America,,1976,91
South America,,1977,119
South America,,1978,222
South America,,1979,236
South America,,1980,319
South America,,1981,383
South America,,1982,639
South America,,1983,950
South America,,1984,1492
South America,,1985,1040
South America,,1986,1184
South America,,1987,1265
South America,,1988,1041
South America,,1989,1385
South America,,1990,1076
South America,,1991,1322
South America,,1992,1204
South America,,1994,373
South America,,1995,255
South America,,1996,517
South America,,1997,774
South America,,1998,108
South America,,1999,134
South America,,2000,150
South America,,2001,229
South America,,2002,162
South America,,2003,117
South America,,2004,42
South America,,2005,49
South America,,2006,50
South America,,2007,47
South America,,2008,144
South America,,2009,159
South America,,2010,148
South America,,2011,106
South America,,2012,133
South America,,2013,182
South America,,2014,283
South America,,2015,176
South America,,2016,159
South America,,2017,172
South Asia,,1970,1
South Asia,,1971,0
South Asia,,1972,1
South Asia,,1973,1
South Asia,,1974,2
South Asia,,1975,4
South Asia,,1976,4
South Asia,,1977,2
South Asia,,1978,2
South Asia,,1979,34
South Asia,,1980,12
South Asia,,1981,23
South Asia,,1982,20
South Asia,,1983,63
South Asia,,1984,244
South Asia,,1985,161
South Asia,,1986,273
South Asia,,1987,348
South Asia,,1988,801
South Asia,,1989,926
South Asia,,1990,601
South Asia,,1991,677
South Asia,,1992,545
South Asia,,1994,376
South Asia,,1995,1051
South Asia,,1996,739
South Asia,,1997,490
South Asia,,1998,136
South Asia,,1999,225
South Asia,,2000,357
South Asia,,2001,385
South Asia,,2002,334
South Asia,,2003,353
South Asia,,2004,369
South Asia,,2005,604
South Asia,,2006,938
South Asia,,2007,982
South Asia,,2008,1759
South Asia,,2009,1945
South Asia,,2010,1981
South Asia,,2011,2138
South Asia,,2012,3803
South Asia,,2013,4612
South Asia,,2014,4998
South Asia,,2015,4585
South Asia,,2016,3639
South Asia,,2017,3430
South Korea,KOR,1974,1
South Korea,KOR,1982,1
South Korea,KOR,1983,1
South Korea,KOR,1986,2
South Korea,KOR,1988,8
South Korea,KOR,1989,1
South Korea,KOR,1990,3
South Korea,KOR,1991,6
South Korea,KOR,1992,3
South Korea,KOR,1994,2
South Korea,KOR,1995,4
South Korea,KOR,1996,1
South Korea,KOR,2001,1
South Korea,KOR,2003,1
South Korea,KOR,2006,1
South Korea,KOR,2015,1
South Korea,KOR,2016,1
South Sudan,SSD,2012,5
South Sudan,SSD,2013,13
South Sudan,SSD,2014,40
South Sudan,SSD,2015,54
South Sudan,SSD,2016,59
South Sudan,SSD,2017,54
South Vietnam,,1972,1
South Yemen,,1971,1
South Yemen,,1983,1
Southeast Asia,,1970,10
Southeast Asia,,1971,6
Southeast Asia,,1972,16
Southeast Asia,,1973,2
Southeast Asia,,1974,3
Southeast Asia,,1975,7
Southeast Asia,,1976,12
Southeast Asia,,1977,8
Southeast Asia,,1978,44
Southeast Asia,,1979,86
Southeast Asia,,1980,87
Southeast Asia,,1981,50
Southeast Asia,,1982,43
Southeast Asia,,1983,22
Southeast Asia,,1984,46
Southeast Asia,,1985,128
Southeast Asia,,1986,102
Southeast Asia,,1987,163
Southeast Asia,,1988,242
Southeast Asia,,1989,203
Southeast Asia,,1990,348
Southeast Asia,,1991,206
Southeast Asia,,1992,279
Southeast Asia,,1994,151
Southeast Asia,,1995,168
Southeast Asia,,1996,193
Southeast Asia,,1997,159
Southeast Asia,,1998,32
Southeast Asia,,1999,107
Southeast Asia,,2000,256
Southeast Asia,,2001,185
Southeast Asia,,2002,110
Southeast Asia,,2003,145
Southeast Asia,,2004,95
Southeast Asia,,2005,204
Southeast Asia,,2006,272
Southeast Asia,,2007,365
Southeast Asia,,2008,514
Southeast Asia,,2009,561
Southeast Asia,,2010,473
Southeast Asia,,2011,356
Southeast Asia,,2012,587
Southeast Asia,,2013,1188
Southeast Asia,,2014,1082
Southeast Asia,,2015,1072
Southeast Asia,,2016,1077
Southeast Asia,,2017,1020
Soviet Union,,1978,1
Spain,ESP,1970,4
Spain,ESP,1971,22
Spain,ESP,1972,19
Spain,ESP,1973,21
Spain,ESP,1974,14
Spain,ESP,1975,136
Spain,ESP,1976,50
Spain,ESP,1977,147
Spain,ESP,1978,209
Spain,ESP,1979,279
Spain,ESP,1980,187
Spain,ESP,1981,107
Spain,ESP,1982,146
Spain,ESP,1983,122
Spain,ESP,1984,143
Spain,ESP,1985,114
Spain,ESP,1986,125
Spain,ESP,1987,104
Spain,ESP,1988,151
Spain,ESP,1989,142
Spain,ESP,1990,113
Spain,ESP,1991,89
Spain,ESP,1992,72
Spain,ESP,1994,55
Spain,ESP,1995,44
Spain,ESP,1996,63
Spain,ESP,1997,86
Spain,ESP,1998,17
Spain,ESP,1999,47
Spain,ESP,2000,112
Spain,ESP,2001,79
Spain,ESP,2002,41
Spain,ESP,2003,21
Spain,ESP,2004,31
Spain,ESP,2005,24
Spain,ESP,2006,23
Spain,ESP,2007,11
Spain,ESP,2008,37
Spain,ESP,2009,21
Spain,ESP,2010,3
Spain,ESP,2012,1
Spain,ESP,2013,5
Spain,ESP,2014,4
Spain,ESP,2015,1
Spain,ESP,2016,3
Spain,ESP,2017,4
Sri Lanka,LKA,1975,1
Sri Lanka,LKA,1979,3
Sri Lanka,LKA,1981,2
Sri Lanka,LKA,1982,2
Sri Lanka,LKA,1983,7
Sri Lanka,LKA,1984,81
Sri Lanka,LKA,1985,110
Sri Lanka,LKA,1986,142
Sri Lanka,LKA,1987,115
Sri Lanka,LKA,1988,350
Sri Lanka,LKA,1989,510
Sri Lanka,LKA,1990,141
Sri Lanka,LKA,1991,115
Sri Lanka,LKA,1992,103
Sri Lanka,LKA,1994,35
Sri Lanka,LKA,1995,126
Sri Lanka,LKA,1996,176
Sri Lanka,LKA,1997,64
Sri Lanka,LKA,1998,35
Sri Lanka,LKA,1999,46
Sri Lanka,LKA,2000,68
Sri Lanka,LKA,2001,36
Sri Lanka,LKA,2002,3
Sri Lanka,LKA,2003,9
Sri Lanka,LKA,2004,33
Sri Lanka,LKA,2005,133
Sri Lanka,LKA,2006,217
Sri Lanka,LKA,2007,132
Sri Lanka,LKA,2008,100
Sri Lanka,LKA,2009,37
Sri Lanka,LKA,2010,3
Sri Lanka,LKA,2012,4
Sri Lanka,LKA,2013,14
Sri Lanka,LKA,2014,16
Sri Lanka,LKA,2015,11
Sri Lanka,LKA,2016,1
Sri Lanka,LKA,2017,41
Sub-Saharan Africa,,1970,3
Sub-Saharan Africa,,1971,2
Sub-Saharan Africa,,1972,4
Sub-Saharan Africa,,1973,4
Sub-Saharan Africa,,1974,7
Sub-Saharan Africa,,1975,12
Sub-Saharan Africa,,1976,11
Sub-Saharan Africa,,1977,29
Sub-Saharan Africa,,1978,46
Sub-Saharan Africa,,1979,124
Sub-Saharan Africa,,1980,58
Sub-Saharan Africa,,1981,98
Sub-Saharan Africa,,1982,60
Sub-Saharan Africa,,1983,106
Sub-Saharan Africa,,1984,126
Sub-Saharan Africa,,1985,141
Sub-Saharan Africa,,1986,185
Sub-Saharan Africa,,1987,174
Sub-Saharan Africa,,1988,337
Sub-Saharan Africa,,1989,291
Sub-Saharan Africa,,1990,450
Sub-Saharan Africa,,1991,271
Sub-Saharan Africa,,1992,570
Sub-Saharan Africa,,1994,432
Sub-Saharan Africa,,1995,239
Sub-Saharan Africa,,1996,217
Sub-Saharan Africa,,1997,279
Sub-Saharan Africa,,1998,87
Sub-Saharan Africa,,1999,143
Sub-Saharan Africa,,2000,191
Sub-Saharan Africa,,2001,162
Sub-Saharan Africa,,2002,121
Sub-Saharan Africa,,2003,73
Sub-Saharan Africa,,2004,34
Sub-Saharan Africa,,2005,60
Sub-Saharan Africa,,2006,114
Sub-Saharan Africa,,2007,302
Sub-Saharan Africa,,2008,380
Sub-Saharan Africa,,2009,283
Sub-Saharan Africa,,2010,331
Sub-Saharan Africa,,2011,494
Sub-Saharan Africa,,2012,1168
Sub-Saharan Africa,,2013,999
Sub-Saharan Africa,,2014,2321
Sub-Saharan Africa,,2015,1964
Sub-Saharan Africa,,2016,2077
Sub-Saharan Africa,,2017,1970
Sudan,SDN,1973,1
Sudan,SDN,1981,1
Sudan,SDN,1982,3
Sudan,SDN,1983,3
Sudan,SDN,1984,5
Sudan,SDN,1986,6
Sudan,SDN,1987,1
Sudan,SDN,1988,10
Sudan,SDN,1989,8
Sudan,SDN,1990,1
Sudan,SDN,1991,3
Sudan,SDN,1992,7
Sudan,SDN,1994,5
Sudan,SDN,1995,4
Sudan,SDN,1996,10
Sudan,SDN,1997,3
Sudan,SDN,1999,5
Sudan,SDN,2000,7
Sudan,SDN,2001,9
Sudan,SDN,2002,13
Sudan,SDN,2004,5
Sudan,SDN,2005,6
Sudan,SDN,2006,24
Sudan,SDN,2007,23
Sudan,SDN,2008,32
Sudan,SDN,2009,26
Sudan,SDN,2010,28
Sudan,SDN,2011,38
Sudan,SDN,2012,40
Sudan,SDN,2013,46
Sudan,SDN,2014,157
Sudan,SDN,2015,158
Sudan,SDN,2016,173
Sudan,SDN,2017,106
Suriname,SUR,1982,1
Suriname,SUR,1983,1
Suriname,SUR,1984,1
Suriname,SUR,1986,8
Suriname,SUR,1987,13
Suriname,SUR,1988,9
Suriname,SUR,1989,17
Suriname,SUR,1990,7
Suriname,SUR,1991,1
Suriname,SUR,1992,5
Suriname,SUR,1994,1
Suriname,SUR,1997,2
Swaziland,SWZ,1982,1
Swaziland,SWZ,1984,1
Swaziland,SWZ,1986,1
Swaziland,SWZ,1987,1
Swaziland,SWZ,1989,1
Swaziland,SWZ,1991,1
Swaziland,SWZ,1992,1
Swaziland,SWZ,1995,1
Swaziland,SWZ,1997,1
Swaziland,SWZ,1998,1
Swaziland,SWZ,1999,1
Swaziland,SWZ,2003,1
Swaziland,SWZ,2006,1
Swaziland,SWZ,2008,3
Sweden,SWE,1971,2
Sweden,SWE,1972,3
Sweden,SWE,1975,1
Sweden,SWE,1978,1
Sweden,SWE,1979,1
Sweden,SWE,1983,1
Sweden,SWE,1986,3
Sweden,SWE,1989,3
Sweden,SWE,1990,6
Sweden,SWE,1991,6
Sweden,SWE,1992,12
Sweden,SWE,1994,1
Sweden,SWE,1995,1
Sweden,SWE,1996,1
Sweden,SWE,1997,4
Sweden,SWE,1999,2
Sweden,SWE,2000,1
Sweden,SWE,2005,3
Sweden,SWE,2006,1
Sweden,SWE,2008,1
Sweden,SWE,2009,1
Sweden,SWE,2010,3
Sweden,SWE,2011,1
Sweden,SWE,2012,2
Sweden,SWE,2014,5
Sweden,SWE,2015,32
Sweden,SWE,2016,16
Sweden,SWE,2017,18
Switzerland,CHE,1970,3
Switzerland,CHE,1971,1
Switzerland,CHE,1972,3
Switzerland,CHE,1973,2
Switzerland,CHE,1974,3
Switzerland,CHE,1975,3
Switzerland,CHE,1976,4
Switzerland,CHE,1977,4
Switzerland,CHE,1978,3
Switzerland,CHE,1979,6
Switzerland,CHE,1980,7
Switzerland,CHE,1981,13
Switzerland,CHE,1982,6
Switzerland,CHE,1983,3
Switzerland,CHE,1984,1
Switzerland,CHE,1985,7
Switzerland,CHE,1987,1
Switzerland,CHE,1988,4
Switzerland,CHE,1990,1
Switzerland,CHE,1991,2
Switzerland,CHE,1992,6
Switzerland,CHE,1995,5
Switzerland,CHE,1996,4
Switzerland,CHE,1997,1
Switzerland,CHE,1998,1
Switzerland,CHE,1999,2
Switzerland,CHE,2000,4
Switzerland,CHE,2001,2
Switzerland,CHE,2003,1
Switzerland,CHE,2007,2
Switzerland,CHE,2011,3
Switzerland,CHE,2013,2
Switzerland,CHE,2016,1
Syria,SYR,1974,4
Syria,SYR,1975,2
Syria,SYR,1976,2
Syria,SYR,1977,3
Syria,SYR,1978,1
Syria,SYR,1979,28
Syria,SYR,1980,33
Syria,SYR,1981,41
Syria,SYR,1982,20
Syria,SYR,1983,1
Syria,SYR,1984,1
Syria,SYR,1985,1
Syria,SYR,1986,4
Syria,SYR,1989,1
Syria,SYR,1996,2
Syria,SYR,1997,1
Syria,SYR,1998,1
Syria,SYR,2004,1
Syria,SYR,2006,1
Syria,SYR,2008,1
Syria,SYR,2011,49
Syria,SYR,2012,180
Syria,SYR,2013,285
Syria,SYR,2014,331
Syria,SYR,2015,491
Syria,SYR,2016,473
Syria,SYR,2017,243
Taiwan,TWN,1971,1
Taiwan,TWN,1976,1
Taiwan,TWN,1990,1
Taiwan,TWN,1991,2
Taiwan,TWN,1992,20
Taiwan,TWN,1994,5
Taiwan,TWN,1995,4
Taiwan,TWN,1996,5
Taiwan,TWN,1997,1
Taiwan,TWN,2001,2
Taiwan,TWN,2004,2
Taiwan,TWN,2008,1
Taiwan,TWN,2013,2
Taiwan,TWN,2014,1
Taiwan,TWN,2016,1
Taiwan,TWN,2017,1
Tajikistan,TJK,1992,17
Tajikistan,TJK,1994,31
Tajikistan,TJK,1995,34
Tajikistan,TJK,1996,22
Tajikistan,TJK,1997,40
Tajikistan,TJK,1998,11
Tajikistan,TJK,1999,4
Tajikistan,TJK,2000,6
Tajikistan,TJK,2001,6
Tajikistan,TJK,2005,1
Tajikistan,TJK,2007,1
Tajikistan,TJK,2009,1
Tajikistan,TJK,2010,1
Tajikistan,TJK,2012,5
Tajikistan,TJK,2014,1
Tajikistan,TJK,2015,3
Tajikistan,TJK,2016,2
Tajikistan,TJK,2017,2
Tanzania,TZA,1975,1
Tanzania,TZA,1979,1
Tanzania,TZA,1982,1
Tanzania,TZA,1994,1
Tanzania,TZA,1995,1
Tanzania,TZA,1997,1
Tanzania,TZA,1998,1
Tanzania,TZA,2000,2
Tanzania,TZA,2001,4
Tanzania,TZA,2002,2
Tanzania,TZA,2004,1
Tanzania,TZA,2008,1
Tanzania,TZA,2010,1
Tanzania,TZA,2013,7
Tanzania,TZA,2014,11
Tanzania,TZA,2015,14
Tanzania,TZA,2016,3
Tanzania,TZA,2017,6
Thailand,THA,1972,1
Thailand,THA,1974,1
Thailand,THA,1977,3
Thailand,THA,1978,5
Thailand,THA,1979,16
Thailand,THA,1980,26
Thailand,THA,1981,18
Thailand,THA,1982,3
Thailand,THA,1983,1
Thailand,THA,1984,1
Thailand,THA,1985,1
Thailand,THA,1986,3
Thailand,THA,1988,5
Thailand,THA,1989,16
Thailand,THA,1990,10
Thailand,THA,1991,8
Thailand,THA,1992,25
Thailand,THA,1994,24
Thailand,THA,1995,12
Thailand,THA,1996,19
Thailand,THA,1997,20
Thailand,THA,1998,4
Thailand,THA,1999,4
Thailand,THA,2000,4
Thailand,THA,2001,14
Thailand,THA,2002,12
Thailand,THA,2003,6
Thailand,THA,2004,44
Thailand,THA,2005,155
Thailand,THA,2006,202
Thailand,THA,2007,293
Thailand,THA,2008,200
Thailand,THA,2009,298
Thailand,THA,2010,253
Thailand,THA,2011,182
Thailand,THA,2012,279
Thailand,THA,2013,472
Thailand,THA,2014,423
Thailand,THA,2015,278
Thailand,THA,2016,329
Thailand,THA,2017,179
Togo,TGO,1985,3
Togo,TGO,1991,2
Togo,TGO,1992,27
Togo,TGO,1994,13
Togo,TGO,1995,1
Togo,TGO,1996,1
Togo,TGO,2005,1
Trinidad and Tobago,TTO,1976,1
Trinidad and Tobago,TTO,1979,1
Trinidad and Tobago,TTO,1981,1
Trinidad and Tobago,TTO,1983,1
Trinidad and Tobago,TTO,1989,1
Trinidad and Tobago,TTO,1991,1
Trinidad and Tobago,TTO,1992,1
Trinidad and Tobago,TTO,1994,1
Trinidad and Tobago,TTO,1995,4
Trinidad and Tobago,TTO,1996,3
Trinidad and Tobago,TTO,2005,2
Trinidad and Tobago,TTO,2010,1
Trinidad and Tobago,TTO,2013,3
Trinidad and Tobago,TTO,2015,1
Tunisia,TUN,1979,1
Tunisia,TUN,1980,1
Tunisia,TUN,1986,2
Tunisia,TUN,1987,4
Tunisia,TUN,1991,2
Tunisia,TUN,1994,1
Tunisia,TUN,1995,1
Tunisia,TUN,2000,1
Tunisia,TUN,2001,1
Tunisia,TUN,2002,1
Tunisia,TUN,2007,1
Tunisia,TUN,2008,2
Tunisia,TUN,2011,3
Tunisia,TUN,2012,3
Tunisia,TUN,2013,29
Tunisia,TUN,2014,23
Tunisia,TUN,2015,17
Tunisia,TUN,2016,12
Tunisia,TUN,2017,4
Turkey,TUR,1970,12
Turkey,TUR,1971,35
Turkey,TUR,1972,9
Turkey,TUR,1974,1
Turkey,TUR,1975,10
Turkey,TUR,1976,35
Turkey,TUR,1977,189
Turkey,TUR,1978,52
Turkey,TUR,1979,141
Turkey,TUR,1980,95
Turkey,TUR,1981,8
Turkey,TUR,1982,5
Turkey,TUR,1983,5
Turkey,TUR,1984,19
Turkey,TUR,1985,2
Turkey,TUR,1986,7
Turkey,TUR,1987,43
Turkey,TUR,1988,42
Turkey,TUR,1989,114
Turkey,TUR,1990,195
Turkey,TUR,1991,293
Turkey,TUR,1992,514
Turkey,TUR,1994,300
Turkey,TUR,1995,133
Turkey,TUR,1996,54
Turkey,TUR,1997,44
Turkey,TUR,1998,23
Turkey,TUR,1999,109
Turkey,TUR,2000,35
Turkey,TUR,2001,19
Turkey,TUR,2002,5
Turkey,TUR,2003,19
Turkey,TUR,2004,27
Turkey,TUR,2005,41
Turkey,TUR,2006,43
Turkey,TUR,2007,29
Turkey,TUR,2008,32
Turkey,TUR,2009,13
Turkey,TUR,2010,20
Turkey,TUR,2011,51
Turkey,TUR,2012,188
Turkey,TUR,2013,42
Turkey,TUR,2014,94
Turkey,TUR,2015,422
Turkey,TUR,2016,542
Turkey,TUR,2017,181
Turkmenistan,TKM,2002,1
Turkmenistan,TKM,2014,1
USSR,OWID_USS,1989,7
USSR,OWID_USS,1990,36
USSR,OWID_USS,1991,34
Uganda,UGA,1979,8
Uganda,UGA,1981,25
Uganda,UGA,1982,1
Uganda,UGA,1983,6
Uganda,UGA,1984,3
Uganda,UGA,1985,7
Uganda,UGA,1986,1
Uganda,UGA,1987,1
Uganda,UGA,1988,15
Uganda,UGA,1989,15
Uganda,UGA,1990,14
Uganda,UGA,1991,2
Uganda,UGA,1992,3
Uganda,UGA,1994,13
Uganda,UGA,1995,7
Uganda,UGA,1996,29
Uganda,UGA,1997,24
Uganda,UGA,1998,18
Uganda,UGA,1999,19
Uganda,UGA,2000,20
Uganda,UGA,2001,24
Uganda,UGA,2002,24
Uganda,UGA,2003,30
Uganda,UGA,2004,10
Uganda,UGA,2005,11
Uganda,UGA,2007,1
Uganda,UGA,2008,7
Uganda,UGA,2009,2
Uganda,UGA,2010,6
Uganda,UGA,2012,4
Uganda,UGA,2014,6
Uganda,UGA,2015,10
Uganda,UGA,2016,15
Uganda,UGA,2017,13
Ukraine,UKR,1991,2
Ukraine,UKR,1992,1
Ukraine,UKR,1994,10
Ukraine,UKR,1995,2
Ukraine,UKR,1996,3
Ukraine,UKR,1997,2
Ukraine,UKR,1999,6
Ukraine,UKR,2000,1
Ukraine,UKR,2002,3
Ukraine,UKR,2003,1
Ukraine,UKR,2007,1
Ukraine,UKR,2008,1
Ukraine,UKR,2009,2
Ukraine,UKR,2010,4
Ukraine,UKR,2011,3
Ukraine,UKR,2012,8
Ukraine,UKR,2013,5
Ukraine,UKR,2014,895
Ukraine,UKR,2015,637
Ukraine,UKR,2016,61
Ukraine,UKR,2017,61
United Arab Emirates,ARE,1974,1
United Arab Emirates,ARE,1977,1
United Arab Emirates,ARE,1978,1
United Arab Emirates,ARE,1979,2
United Arab Emirates,ARE,1980,1
United Arab Emirates,ARE,1981,3
United Arab Emirates,ARE,1983,1
United Arab Emirates,ARE,1985,2
United Arab Emirates,ARE,1986,1
United Arab Emirates,ARE,1989,1
United Arab Emirates,ARE,1992,1
United Arab Emirates,ARE,1995,2
United Arab Emirates,ARE,2010,2
United Arab Emirates,ARE,2013,1
United Arab Emirates,ARE,2014,2
United Kingdom,GBR,1970,12
United Kingdom,GBR,1971,81
United Kingdom,GBR,1972,292
United Kingdom,GBR,1973,189
United Kingdom,GBR,1974,203
United Kingdom,GBR,1975,194
United Kingdom,GBR,1976,194
United Kingdom,GBR,1977,140
United Kingdom,GBR,1978,100
United Kingdom,GBR,1979,239
United Kingdom,GBR,1980,134
United Kingdom,GBR,1981,142
United Kingdom,GBR,1982,95
United Kingdom,GBR,1983,177
United Kingdom,GBR,1984,145
United Kingdom,GBR,1985,67
United Kingdom,GBR,1986,95
United Kingdom,GBR,1987,117
United Kingdom,GBR,1988,181
United Kingdom,GBR,1989,163
United Kingdom,GBR,1990,147
United Kingdom,GBR,1991,262
United Kingdom,GBR,1992,274
United Kingdom,GBR,1994,256
United Kingdom,GBR,1995,22
United Kingdom,GBR,1996,36
United Kingdom,GBR,1997,78
United Kingdom,GBR,1998,63
United Kingdom,GBR,1999,76
United Kingdom,GBR,2000,61
United Kingdom,GBR,2001,94
United Kingdom,GBR,2002,21
United Kingdom,GBR,2003,23
United Kingdom,GBR,2004,5
United Kingdom,GBR,2005,29
United Kingdom,GBR,2006,6
United Kingdom,GBR,2007,20
United Kingdom,GBR,2008,39
United Kingdom,GBR,2009,23
United Kingdom,GBR,2010,57
United Kingdom,GBR,2011,47
United Kingdom,GBR,2012,55
United Kingdom,GBR,2013,137
United Kingdom,GBR,2014,103
United Kingdom,GBR,2015,114
United Kingdom,GBR,2016,105
United Kingdom,GBR,2017,122
United States,USA,1970,468
United States,USA,1971,247
United States,USA,1972,68
United States,USA,1973,58
United States,USA,1974,94
United States,USA,1975,149
United States,USA,1976,105
United States,USA,1977,130
United States,USA,1978,87
United States,USA,1979,69
United States,USA,1980,67
United States,USA,1981,74
United States,USA,1982,78
United States,USA,1983,44
United States,USA,1984,63
United States,USA,1985,40
United States,USA,1986,49
United States,USA,1987,34
United States,USA,1988,27
United States,USA,1989,42
United States,USA,1990,32
United States,USA,1991,30
United States,USA,1992,32
United States,USA,1994,55
United States,USA,1995,60
United States,USA,1996,35
United States,USA,1997,40
United States,USA,1998,31
United States,USA,1999,53
United States,USA,2000,32
United States,USA,2001,41
United States,USA,2002,33
United States,USA,2003,33
United States,USA,2004,9
United States,USA,2005,21
United States,USA,2006,6
United States,USA,2007,8
United States,USA,2008,18
United States,USA,2009,11
United States,USA,2010,17
United States,USA,2011,10
United States,USA,2012,20
United States,USA,2013,20
United States,USA,2014,29
United States,USA,2015,38
United States,USA,2016,64
United States,USA,2017,65
Uruguay,URY,1970,33
Uruguay,URY,1971,8
Uruguay,URY,1972,7
Uruguay,URY,1984,4
Uruguay,URY,1985,2
Uruguay,URY,1986,2
Uruguay,URY,1989,1
Uruguay,URY,1990,1
Uruguay,URY,1991,3
Uruguay,URY,1992,11
Uruguay,URY,1994,4
Uruguay,URY,1995,1
Uruguay,URY,1996,1
Uruguay,URY,1997,2
Uruguay,URY,2005,1
Uruguay,URY,2016,1
Uzbekistan,UZB,1992,2
Uzbekistan,UZB,1995,1
Uzbekistan,UZB,1999,8
Uzbekistan,UZB,2004,5
Uzbekistan,UZB,2005,2
Uzbekistan,UZB,2009,2
Uzbekistan,UZB,2015,1
Vanuatu,VUT,1996,2
Vatican City,,1981,1
Venezuela,VEN,1970,2
Venezuela,VEN,1971,4
Venezuela,VEN,1972,1
Venezuela,VEN,1973,4
Venezuela,VEN,1974,3
Venezuela,VEN,1975,5
Venezuela,VEN,1976,4
Venezuela,VEN,1977,3
Venezuela,VEN,1978,7
Venezuela,VEN,1979,4
Venezuela,VEN,1980,8
Venezuela,VEN,1981,7
Venezuela,VEN,1982,2
Venezuela,VEN,1983,6
Venezuela,VEN,1984,4
Venezuela,VEN,1985,2
Venezuela,VEN,1986,8
Venezuela,VEN,1987,13
Venezuela,VEN,1988,10
Venezuela,VEN,1989,8
Venezuela,VEN,1990,1
Venezuela,VEN,1991,17
Venezuela,VEN,1992,32
Venezuela,VEN,1994,12
Venezuela,VEN,1995,11
Venezuela,VEN,1996,12
Venezuela,VEN,1997,41
Venezuela,VEN,1998,1
Venezuela,VEN,1999,5
Venezuela,VEN,2001,5
Venezuela,VEN,2002,5
Venezuela,VEN,2003,8
Venezuela,VEN,2007,2
Venezuela,VEN,2008,1
Venezuela,VEN,2009,3
Venezuela,VEN,2012,1
Venezuela,VEN,2013,1
Venezuela,VEN,2014,4
Venezuela,VEN,2015,3
Venezuela,VEN,2016,6
Venezuela,VEN,2017,17
Vietnam,VNM,1992,1
Vietnam,VNM,1994,1
Vietnam,VNM,1995,1
Vietnam,VNM,1996,1
Vietnam,VNM,1997,2
Vietnam,VNM,2001,4
Vietnam,VNM,2017,2
Wallis and Futuna,WLF,1994,1
West Germany (FRG),,1970,20
West Germany (FRG),,1971,13
West Germany (FRG),,1972,24
West Germany (FRG),,1973,27
West Germany (FRG),,1974,28
West Germany (FRG),,1975,35
West Germany (FRG),,1976,50
West Germany (FRG),,1977,40
West Germany (FRG),,1978,19
West Germany (FRG),,1979,17
West Germany (FRG),,1980,20
West Germany (FRG),,1981,31
West Germany (FRG),,1982,29
West Germany (FRG),,1983,5
West Germany (FRG),,1984,21
West Germany (FRG),,1985,53
West Germany (FRG),,1986,46
West Germany (FRG),,1987,19
West Germany (FRG),,1988,14
West Germany (FRG),,1989,21
West Germany (FRG),,1990,9
Western Europe,,1970,50
Western Europe,,1971,125
Western Europe,,1972,376
Western Europe,,1973,290
Western Europe,,1974,317
Western Europe,,1975,438
Western Europe,,1976,578
Western Europe,,1977,771
Western Europe,,1978,729
Western Europe,,1979,1020
Western Europe,,1980,595
Western Europe,,1981,484
Western Europe,,1982,402
Western Europe,,1983,475
Western Europe,,1984,541
Western Europe,,1985,466
Western Europe,,1986,455
Western Europe,,1987,416
Western Europe,,1988,489
Western Europe,,1989,444
Western Europe,,1990,390
Western Europe,,1991,696
Western Europe,,1992,769
Western Europe,,1994,584
Western Europe,,1995,337
Western Europe,,1996,476
Western Europe,,1997,349
Western Europe,,1998,141
Western Europe,,1999,236
Western Europe,,2000,253
Western Europe,,2001,234
Western Europe,,2002,120
Western Europe,,2003,121
Western Europe,,2004,59
Western Europe,,2005,104
Western Europe,,2006,98
Western Europe,,2007,72
Western Europe,,2008,163
Western Europe,,2009,182
Western Europe,,2010,133
Western Europe,,2011,95
Western Europe,,2012,193
Western Europe,,2013,261
Western Europe,,2014,215
Western Europe,,2015,333
Western Europe,,2016,273
Western Europe,,2017,291
Western Sahara,ESH,1978,1
Western Sahara,ESH,1984,1
Western Sahara,ESH,1986,1
Western Sahara,ESH,1992,1
Western Sahara,ESH,2007,1
World,OWID_WRL,1970,651
World,OWID_WRL,1971,471
World,OWID_WRL,1972,568
World,OWID_WRL,1973,473
World,OWID_WRL,1974,581
World,OWID_WRL,1975,740
World,OWID_WRL,1976,923
World,OWID_WRL,1977,1319
World,OWID_WRL,1978,1526
World,OWID_WRL,1979,2662
World,OWID_WRL,1980,2662
World,OWID_WRL,1981,2586
World,OWID_WRL,1982,2544
World,OWID_WRL,1983,2870
World,OWID_WRL,1984,3495
World,OWID_WRL,1985,2915
World,OWID_WRL,1986,2860
World,OWID_WRL,1987,3183
World,OWID_WRL,1988,3721
World,OWID_WRL,1989,4324
World,OWID_WRL,1990,3887
World,OWID_WRL,1991,4683
World,OWID_WRL,1992,5071
World,OWID_WRL,1994,3456
World,OWID_WRL,1995,3081
World,OWID_WRL,1996,3058
World,OWID_WRL,1997,3197
World,OWID_WRL,1998,934
World,OWID_WRL,1999,1395
World,OWID_WRL,2000,1814
World,OWID_WRL,2001,1906
World,OWID_WRL,2002,1333
World,OWID_WRL,2003,1278
World,OWID_WRL,2004,1166
World,OWID_WRL,2005,2017
World,OWID_WRL,2006,2758
World,OWID_WRL,2007,3242
World,OWID_WRL,2008,4805
World,OWID_WRL,2009,4721
World,OWID_WRL,2010,4826
World,OWID_WRL,2011,5076
World,OWID_WRL,2012,8522
World,OWID_WRL,2013,12036
World,OWID_WRL,2014,16903
World,OWID_WRL,2015,14965
World,OWID_WRL,2016,13587
World,OWID_WRL,2017,10900
Yemen,YEM,1991,5
Yemen,YEM,1992,24
Yemen,YEM,1994,19
Yemen,YEM,1995,8
Yemen,YEM,1996,8
Yemen,YEM,1997,19
Yemen,YEM,1998,7
Yemen,YEM,1999,17
Yemen,YEM,2000,10
Yemen,YEM,2001,7
Yemen,YEM,2002,7
Yemen,YEM,2003,7
Yemen,YEM,2005,7
Yemen,YEM,2006,5
Yemen,YEM,2007,7
Yemen,YEM,2008,22
Yemen,YEM,2009,23
Yemen,YEM,2010,112
Yemen,YEM,2011,118
Yemen,YEM,2012,312
Yemen,YEM,2013,425
Yemen,YEM,2014,763
Yemen,YEM,2015,664
Yemen,YEM,2016,525
Yemen,YEM,2017,226
Yugoslavia,OWID_YGS,1973,1
Yugoslavia,OWID_YGS,1974,1
Yugoslavia,OWID_YGS,1977,1
Yugoslavia,OWID_YGS,1980,1
Yugoslavia,OWID_YGS,1981,2
Yugoslavia,OWID_YGS,1983,1
Yugoslavia,OWID_YGS,1984,1
Yugoslavia,OWID_YGS,1989,3
Yugoslavia,OWID_YGS,1990,5
Yugoslavia,OWID_YGS,1991,11
Yugoslavia,OWID_YGS,1992,12
Yugoslavia,OWID_YGS,1994,1
Yugoslavia,OWID_YGS,1995,3
Yugoslavia,OWID_YGS,1996,16
Yugoslavia,OWID_YGS,1997,38
Yugoslavia,OWID_YGS,1998,46
Yugoslavia,OWID_YGS,1999,23
Yugoslavia,OWID_YGS,2000,14
Yugoslavia,OWID_YGS,2001,20
Yugoslavia,OWID_YGS,2002,3
Zaire,,1972,3
Zaire,,1973,1
Zaire,,1977,1
Zaire,,1984,3
Zaire,,1988,1
Zaire,,1991,6
Zaire,,1992,5
Zaire,,1994,6
Zaire,,1995,6
Zaire,,1996,13
Zaire,,1997,5
Zambia,ZMB,1971,1
Zambia,ZMB,1973,1
Zambia,ZMB,1975,1
Zambia,ZMB,1977,1
Zambia,ZMB,1978,3
Zambia,ZMB,1979,1
Zambia,ZMB,1981,1
Zambia,ZMB,1985,1
Zambia,ZMB,1986,1
Zambia,ZMB,1987,1
Zambia,ZMB,1988,5
Zambia,ZMB,1989,18
Zambia,ZMB,1990,4
Zambia,ZMB,1995,1
Zambia,ZMB,1996,4
Zambia,ZMB,1999,7
Zambia,ZMB,2000,8
Zambia,ZMB,2002,1
Zambia,ZMB,2017,2
Zimbabwe,ZWE,1980,14
Zimbabwe,ZWE,1981,9
Zimbabwe,ZWE,1982,12
Zimbabwe,ZWE,1983,6
Zimbabwe,ZWE,1984,3
Zimbabwe,ZWE,1985,1
Zimbabwe,ZWE,1986,1
Zimbabwe,ZWE,1987,11
Zimbabwe,ZWE,1988,1
Zimbabwe,ZWE,1989,3
Zimbabwe,ZWE,1990,6
Zimbabwe,ZWE,1991,1
Zimbabwe,ZWE,1992,1
Zimbabwe,ZWE,1994,1
Zimbabwe,ZWE,1995,2
Zimbabwe,ZWE,2000,1
Zimbabwe,ZWE,2001,3
Zimbabwe,ZWE,2002,8
Zimbabwe,ZWE,2003,1
Zimbabwe,ZWE,2006,1
Zimbabwe,ZWE,2007,1
Zimbabwe,ZWE,2008,5
Zimbabwe,ZWE,2010,1
Zimbabwe,ZWE,2011,1
Zimbabwe,ZWE,2013,3
Zimbabwe,ZWE,2014,1
Zimbabwe,ZWE,2017,3
